frame_index,frame_label,structure_path,selection_score,vdw_total_score,surface_intermediate_score,water_dissociated_intermediate_score,interface_total,interface_organic_surface,interface_water_surface,interface_organic_water
3919,set_001__step_00196000,/home/jovyan/AIMD-data/enol/vdw-cal/intermediates_enol2_H_dataset/cif_frames/set_001/step_00196000.cif,0.9889542156617463,85.974212,20.308686,0.133596,0.0,0.0,0.0,0.0
3697,set_001__step_00184900,/home/jovyan/AIMD-data/enol/vdw-cal/intermediates_enol2_H_dataset/cif_frames/set_001/step_00184900.cif,0.986052039029272,86.818856,18.53778,0.655616,0.0,0.0,0.0,0.0
3978,set_001__step_00198950,/home/jovyan/AIMD-data/enol/vdw-cal/intermediates_enol2_H_dataset/cif_frames/set_001/step_00198950.cif,0.9860270202651988,84.625024,17.364623,0.209018,0.0,0.0,0.0,0.0
3755,set_001__step_00187800,/home/jovyan/AIMD-data/enol/vdw-cal/intermediates_enol2_H_dataset/cif_frames/set_001/step_00187800.cif,0.9854640980735551,85.178726,17.954154,0.981288,0.0,0.0,0.0,0.0
3894,set_001__step_00194750,/home/jovyan/AIMD-data/enol/vdw-cal/intermediates_enol2_H_dataset/cif_frames/set_001/step_00194750.cif,0.9676382286715035,85.127439,17.367432,0.0,0.0,0.0,0.0,0.0
3934,set_001__step_00196750,/home/jovyan/AIMD-data/enol/vdw-cal/intermediates_enol2_H_dataset/cif_frames/set_001/step_00196750.cif,0.9553915436577433,83.334688,16.341675,0.0,0.0,0.0,0.0,0.0
3084,set_001__step_00154250,/home/jovyan/AIMD-data/enol/vdw-cal/intermediates_enol2_H_dataset/cif_frames/set_001/step_00154250.cif,0.9465474105579184,83.304787,18.013466,0.179441,0.0,0.0,0.0,0.0
3786,set_001__step_00189350,/home/jovyan/AIMD-data/enol/vdw-cal/intermediates_enol2_H_dataset/cif_frames/set_001/step_00189350.cif,0.9402802101576182,83.349795,15.984091,0.0,0.0,0.0,0.0,0.0
2800,set_001__step_00140050,/home/jovyan/AIMD-data/enol/vdw-cal/intermediates_enol2_H_dataset/cif_frames/set_001/step_00140050.cif,0.9325869402051539,82.590268,17.384765,0.653765,0.0,0.0,0.0,0.0
3459,set_001__step_00173000,/home/jovyan/AIMD-data/enol/vdw-cal/intermediates_enol2_H_dataset/cif_frames/set_001/step_00173000.cif,0.9310858143607704,82.359521,15.768506,0.077526,0.0,0.0,0.0,0.0
3425,set_001__step_00171300,/home/jovyan/AIMD-data/enol/vdw-cal/intermediates_enol2_H_dataset/cif_frames/set_001/step_00171300.cif,0.9258443832874657,84.545106,16.302545,0.0,0.0,0.0,0.0,0.0
3447,set_001__step_00172400,/home/jovyan/AIMD-data/enol/vdw-cal/intermediates_enol2_H_dataset/cif_frames/set_001/step_00172400.cif,0.923317488116087,83.968308,16.170491,0.0,0.0,0.0,0.0,0.0
3731,set_001__step_00186600,/home/jovyan/AIMD-data/enol/vdw-cal/intermediates_enol2_H_dataset/cif_frames/set_001/step_00186600.cif,0.9178759069301977,82.483717,15.275677,0.0,0.0,0.0,0.0,0.0
3193,set_001__step_00159700,/home/jovyan/AIMD-data/enol/vdw-cal/intermediates_enol2_H_dataset/cif_frames/set_001/step_00159700.cif,0.9160120090067551,84.491082,17.525479,0.0,0.0,0.0,0.0,0.0
3018,set_001__step_00150950,/home/jovyan/AIMD-data/enol/vdw-cal/intermediates_enol2_H_dataset/cif_frames/set_001/step_00150950.cif,0.9156367275456592,83.782492,15.419045,0.033618,0.0,0.0,0.0,0.0
3332,set_001__step_00166650,/home/jovyan/AIMD-data/enol/vdw-cal/intermediates_enol2_H_dataset/cif_frames/set_001/step_00166650.cif,0.9139854891168375,83.775378,16.199744,0.0,0.0,0.0,0.0,0.0
3875,set_001__step_00193800,/home/jovyan/AIMD-data/enol/vdw-cal/intermediates_enol2_H_dataset/cif_frames/set_001/step_00193800.cif,0.9120090067550664,81.74298,14.826259,0.0,0.0,0.0,0.0,0.0
3069,set_001__step_00153500,/home/jovyan/AIMD-data/enol/vdw-cal/intermediates_enol2_H_dataset/cif_frames/set_001/step_00153500.cif,0.9098198648986741,81.418697,16.596577,0.027732,0.0,0.0,0.0,0.0
3178,set_001__step_00158950,/home/jovyan/AIMD-data/enol/vdw-cal/intermediates_enol2_H_dataset/cif_frames/set_001/step_00158950.cif,0.909557167875907,83.790673,16.9644,0.0,0.0,0.0,0.0,0.0
2969,set_001__step_00148500,/home/jovyan/AIMD-data/enol/vdw-cal/intermediates_enol2_H_dataset/cif_frames/set_001/step_00148500.cif,0.9081310983237427,86.327877,18.985871,0.0,0.0,0.0,0.0,0.0
3203,set_001__step_00160200,/home/jovyan/AIMD-data/enol/vdw-cal/intermediates_enol2_H_dataset/cif_frames/set_001/step_00160200.cif,0.9080810607955967,83.955732,16.430009,0.0,0.0,0.0,0.0,0.0
3055,set_001__step_00152800,/home/jovyan/AIMD-data/enol/vdw-cal/intermediates_enol2_H_dataset/cif_frames/set_001/step_00152800.cif,0.9068051038278708,83.80056,14.788037,0.037638,0.0,0.0,0.0,0.0
2612,set_001__step_00130650,/home/jovyan/AIMD-data/enol/vdw-cal/intermediates_enol2_H_dataset/cif_frames/set_001/step_00130650.cif,0.9067550662997248,82.433091,16.284133,0.07351,0.0,0.0,0.0,0.0
1945,set_000__step_00097300,/home/jovyan/AIMD-data/enol/vdw-cal/intermediates_enol2_H_dataset/cif_frames/set_000/step_00097300.cif,0.906117087815862,84.34981,21.032786,0.060953,0.0,0.0,0.0,0.0
3039,set_001__step_00152000,/home/jovyan/AIMD-data/enol/vdw-cal/intermediates_enol2_H_dataset/cif_frames/set_001/step_00152000.cif,0.9058919189392044,85.860547,16.784498,0.0,0.0,0.0,0.0,0.0
2996,set_001__step_00149850,/home/jovyan/AIMD-data/enol/vdw-cal/intermediates_enol2_H_dataset/cif_frames/set_001/step_00149850.cif,0.9047785839379535,87.427205,16.782026,0.0,0.0,0.0,0.0,0.0
3649,set_001__step_00182500,/home/jovyan/AIMD-data/enol/vdw-cal/intermediates_enol2_H_dataset/cif_frames/set_001/step_00182500.cif,0.9045158869151864,82.59583,14.15251,0.033785,0.0,0.0,0.0,0.0
3625,set_001__step_00181300,/home/jovyan/AIMD-data/enol/vdw-cal/intermediates_enol2_H_dataset/cif_frames/set_001/step_00181300.cif,0.9013385038779085,83.007944,14.529574,0.0,0.0,0.0,0.0,0.0
3854,set_001__step_00192750,/home/jovyan/AIMD-data/enol/vdw-cal/intermediates_enol2_H_dataset/cif_frames/set_001/step_00192750.cif,0.8999749812359269,79.68768,17.231586,0.0,0.0,0.0,0.0,0.0
3165,set_001__step_00158300,/home/jovyan/AIMD-data/enol/vdw-cal/intermediates_enol2_H_dataset/cif_frames/set_001/step_00158300.cif,0.894783587690768,82.371596,16.670387,0.0,0.0,0.0,0.0,0.0
3119,set_001__step_00156000,/home/jovyan/AIMD-data/enol/vdw-cal/intermediates_enol2_H_dataset/cif_frames/set_001/step_00156000.cif,0.8932199149362022,85.078717,15.499389,0.0,0.0,0.0,0.0,0.0
2870,set_001__step_00143550,/home/jovyan/AIMD-data/enol/vdw-cal/intermediates_enol2_H_dataset/cif_frames/set_001/step_00143550.cif,0.8908181135851888,83.730929,17.861425,0.0,0.0,0.0,0.0,0.0
3583,set_001__step_00179200,/home/jovyan/AIMD-data/enol/vdw-cal/intermediates_enol2_H_dataset/cif_frames/set_001/step_00179200.cif,0.8901300975731798,80.05726,16.863886,0.0,0.0,0.0,0.0,0.0
3559,set_001__step_00178000,/home/jovyan/AIMD-data/enol/vdw-cal/intermediates_enol2_H_dataset/cif_frames/set_001/step_00178000.cif,0.888353765323993,79.862242,18.237123,0.0,0.0,0.0,0.0,0.0
3819,set_001__step_00191000,/home/jovyan/AIMD-data/enol/vdw-cal/intermediates_enol2_H_dataset/cif_frames/set_001/step_00191000.cif,0.8881661245934451,80.818403,14.561409,0.0,0.0,0.0,0.0,0.0
3797,set_001__step_00189900,/home/jovyan/AIMD-data/enol/vdw-cal/intermediates_enol2_H_dataset/cif_frames/set_001/step_00189900.cif,0.8869151863897924,79.691349,16.088909,0.0,0.0,0.0,0.0,0.0
3142,set_001__step_00157150,/home/jovyan/AIMD-data/enol/vdw-cal/intermediates_enol2_H_dataset/cif_frames/set_001/step_00157150.cif,0.8868276207155367,81.53195,17.403115,0.0,0.0,0.0,0.0,0.0
3843,set_001__step_00192200,/home/jovyan/AIMD-data/enol/vdw-cal/intermediates_enol2_H_dataset/cif_frames/set_001/step_00192200.cif,0.8866649987490617,80.685029,14.548887,0.0,0.0,0.0,0.0,0.0
2744,set_001__step_00137250,/home/jovyan/AIMD-data/enol/vdw-cal/intermediates_enol2_H_dataset/cif_frames/set_001/step_00137250.cif,0.8857518138603954,84.376493,18.066144,0.0,0.0,0.0,0.0,0.0
2772,set_001__step_00138650,/home/jovyan/AIMD-data/enol/vdw-cal/intermediates_enol2_H_dataset/cif_frames/set_001/step_00138650.cif,0.8856017012759569,84.245847,17.613891,0.0,0.0,0.0,0.0,0.0
3280,set_001__step_00164050,/home/jovyan/AIMD-data/enol/vdw-cal/intermediates_enol2_H_dataset/cif_frames/set_001/step_00164050.cif,0.8855141356017011,82.893834,15.020239,0.0,0.0,0.0,0.0,0.0
3390,set_001__step_00169550,/home/jovyan/AIMD-data/enol/vdw-cal/intermediates_enol2_H_dataset/cif_frames/set_001/step_00169550.cif,0.8835501626219665,80.985506,15.913171,0.0,0.0,0.0,0.0,0.0
2079,set_001__step_00104000,/home/jovyan/AIMD-data/enol/vdw-cal/intermediates_enol2_H_dataset/cif_frames/set_001/step_00104000.cif,0.8788216162121592,82.373866,15.941921,0.042673,0.0,0.0,0.0,0.0
2589,set_001__step_00129500,/home/jovyan/AIMD-data/enol/vdw-cal/intermediates_enol2_H_dataset/cif_frames/set_001/step_00129500.cif,0.8787340505379034,85.871422,18.328038,0.0,0.0,0.0,0.0,0.0
3100,set_001__step_00155050,/home/jovyan/AIMD-data/enol/vdw-cal/intermediates_enol2_H_dataset/cif_frames/set_001/step_00155050.cif,0.8770327745809358,81.114048,17.409806,0.0,0.0,0.0,0.0,0.0
3637,set_001__step_00181900,/home/jovyan/AIMD-data/enol/vdw-cal/intermediates_enol2_H_dataset/cif_frames/set_001/step_00181900.cif,0.8751313485113834,82.555794,13.098514,0.057811,0.0,0.0,0.0,0.0
2719,set_001__step_00136000,/home/jovyan/AIMD-data/enol/vdw-cal/intermediates_enol2_H_dataset/cif_frames/set_001/step_00136000.cif,0.8713910432824619,82.80479,17.240066,0.0,0.0,0.0,0.0,0.0
1902,set_000__step_00095150,/home/jovyan/AIMD-data/enol/vdw-cal/intermediates_enol2_H_dataset/cif_frames/set_000/step_00095150.cif,0.8704278208656493,80.779785,18.361291,0.117406,0.0,0.0,0.0,0.0
3437,set_001__step_00171900,/home/jovyan/AIMD-data/enol/vdw-cal/intermediates_enol2_H_dataset/cif_frames/set_001/step_00171900.cif,0.8674005504128095,82.002209,14.160205,0.0,0.0,0.0,0.0,0.0
2552,set_001__step_00127650,/home/jovyan/AIMD-data/enol/vdw-cal/intermediates_enol2_H_dataset/cif_frames/set_001/step_00127650.cif,0.8669251938954216,83.497655,18.344332,0.0,0.0,0.0,0.0,0.0
2602,set_001__step_00130150,/home/jovyan/AIMD-data/enol/vdw-cal/intermediates_enol2_H_dataset/cif_frames/set_001/step_00130150.cif,0.8668251188391294,80.141503,15.893519,0.08497,0.0,0.0,0.0,0.0
2494,set_001__step_00124750,/home/jovyan/AIMD-data/enol/vdw-cal/intermediates_enol2_H_dataset/cif_frames/set_001/step_00124750.cif,0.8665499124343257,81.636154,14.81481,0.037798,0.0,0.0,0.0,0.0
1817,set_000__step_00090900,/home/jovyan/AIMD-data/enol/vdw-cal/intermediates_enol2_H_dataset/cif_frames/set_000/step_00090900.cif,0.8661746309732299,81.265258,15.997147,0.462825,0.0,0.0,0.0,0.0
2632,set_001__step_00131650,/home/jovyan/AIMD-data/enol/vdw-cal/intermediates_enol2_H_dataset/cif_frames/set_001/step_00131650.cif,0.8655366524893671,84.834225,15.974997,0.0,0.0,0.0,0.0,0.0
3269,set_001__step_00163500,/home/jovyan/AIMD-data/enol/vdw-cal/intermediates_enol2_H_dataset/cif_frames/set_001/step_00163500.cif,0.8650237678258694,81.399604,14.893849,0.0,0.0,0.0,0.0,0.0
1857,set_000__step_00092900,/home/jovyan/AIMD-data/enol/vdw-cal/intermediates_enol2_H_dataset/cif_frames/set_000/step_00092900.cif,0.8576557418063548,79.993396,17.925489,0.546968,0.0,0.0,0.0,0.0
2927,set_001__step_00146400,/home/jovyan/AIMD-data/enol/vdw-cal/intermediates_enol2_H_dataset/cif_frames/set_001/step_00146400.cif,0.8481611208406304,80.354038,16.641528,0.0,0.0,0.0,0.0,0.0
2534,set_001__step_00126750,/home/jovyan/AIMD-data/enol/vdw-cal/intermediates_enol2_H_dataset/cif_frames/set_001/step_00126750.cif,0.8458093570177634,86.589173,14.988282,0.0,0.0,0.0,0.0,0.0
2346,set_001__step_00117350,/home/jovyan/AIMD-data/enol/vdw-cal/intermediates_enol2_H_dataset/cif_frames/set_001/step_00117350.cif,0.8451213410057543,82.97137,17.182753,0.0,0.0,0.0,0.0,0.0
3240,set_001__step_00162050,/home/jovyan/AIMD-data/enol/vdw-cal/intermediates_enol2_H_dataset/cif_frames/set_001/step_00162050.cif,0.8440830622967226,82.00615,13.837149,0.0,0.0,0.0,0.0,0.0
1645,set_000__step_00082300,/home/jovyan/AIMD-data/enol/vdw-cal/intermediates_enol2_H_dataset/cif_frames/set_000/step_00082300.cif,0.8437453089817362,79.91212,18.572335,0.122596,0.0,0.0,0.0,0.0
3221,set_001__step_00161100,/home/jovyan/AIMD-data/enol/vdw-cal/intermediates_enol2_H_dataset/cif_frames/set_001/step_00161100.cif,0.8432824618463848,80.526856,14.731556,0.0,0.0,0.0,0.0,0.0
2316,set_001__step_00115850,/home/jovyan/AIMD-data/enol/vdw-cal/intermediates_enol2_H_dataset/cif_frames/set_001/step_00115850.cif,0.8401676257192894,82.942717,16.708656,0.0,0.0,0.0,0.0,0.0
1926,set_000__step_00096350,/home/jovyan/AIMD-data/enol/vdw-cal/intermediates_enol2_H_dataset/cif_frames/set_000/step_00096350.cif,0.8400175131348511,80.922838,15.030256,0.057201,0.0,0.0,0.0,0.0
1609,set_000__step_00080500,/home/jovyan/AIMD-data/enol/vdw-cal/intermediates_enol2_H_dataset/cif_frames/set_000/step_00080500.cif,0.8355016262196647,80.387938,15.681079,0.168269,0.0,0.0,0.0,0.0
2224,set_001__step_00111250,/home/jovyan/AIMD-data/enol/vdw-cal/intermediates_enol2_H_dataset/cif_frames/set_001/step_00111250.cif,0.8315736802601951,82.663291,16.773758,0.0,0.0,0.0,0.0,0.0
2402,set_001__step_00120150,/home/jovyan/AIMD-data/enol/vdw-cal/intermediates_enol2_H_dataset/cif_frames/set_001/step_00120150.cif,0.8308481361020765,83.476595,15.288756,0.0,0.0,0.0,0.0,0.0
2175,set_001__step_00108800,/home/jovyan/AIMD-data/enol/vdw-cal/intermediates_enol2_H_dataset/cif_frames/set_001/step_00108800.cif,0.82874655991994,81.148514,14.090557,0.036292,0.0,0.0,0.0,0.0
2003,set_001__step_00100200,/home/jovyan/AIMD-data/enol/vdw-cal/intermediates_enol2_H_dataset/cif_frames/set_001/step_00100200.cif,0.8283087315486615,84.029949,17.230458,0.0,0.0,0.0,0.0,0.0
3342,set_001__step_00167150,/home/jovyan/AIMD-data/enol/vdw-cal/intermediates_enol2_H_dataset/cif_frames/set_001/step_00167150.cif,0.8276707530647986,81.856689,13.104076,0.0,0.0,0.0,0.0,0.0
1689,set_000__step_00084500,/home/jovyan/AIMD-data/enol/vdw-cal/intermediates_enol2_H_dataset/cif_frames/set_000/step_00084500.cif,0.8247685764323243,79.654021,15.922748,0.238388,0.0,0.0,0.0,0.0
1719,set_000__step_00086000,/home/jovyan/AIMD-data/enol/vdw-cal/intermediates_enol2_H_dataset/cif_frames/set_000/step_00086000.cif,0.824030522892169,79.407866,18.071985,0.046841,0.0,0.0,0.0,0.0
3380,set_001__step_00169050,/home/jovyan/AIMD-data/enol/vdw-cal/intermediates_enol2_H_dataset/cif_frames/set_001/step_00169050.cif,0.8239929947460595,80.810904,13.371007,0.0,0.0,0.0,0.0,0.0
2044,set_001__step_00102250,/home/jovyan/AIMD-data/enol/vdw-cal/intermediates_enol2_H_dataset/cif_frames/set_001/step_00102250.cif,0.8204403302476857,82.352435,18.101672,0.0,0.0,0.0,0.0,0.0
2130,set_001__step_00106550,/home/jovyan/AIMD-data/enol/vdw-cal/intermediates_enol2_H_dataset/cif_frames/set_001/step_00106550.cif,0.8182136602451838,79.615109,15.067629,0.058051,0.0,0.0,0.0,0.0
2656,set_001__step_00132850,/home/jovyan/AIMD-data/enol/vdw-cal/intermediates_enol2_H_dataset/cif_frames/set_001/step_00132850.cif,0.8161746309732298,82.453984,14.134026,0.0,0.0,0.0,0.0,0.0
3662,set_001__step_00183150,/home/jovyan/AIMD-data/enol/vdw-cal/intermediates_enol2_H_dataset/cif_frames/set_001/step_00183150.cif,0.8143232424318239,78.975559,13.898752,0.0,0.0,0.0,0.0,0.0
2091,set_001__step_00104600,/home/jovyan/AIMD-data/enol/vdw-cal/intermediates_enol2_H_dataset/cif_frames/set_001/step_00104600.cif,0.8121090818113584,80.013826,14.510905,0.022656,0.0,0.0,0.0,0.0
2471,set_001__step_00123600,/home/jovyan/AIMD-data/enol/vdw-cal/intermediates_enol2_H_dataset/cif_frames/set_001/step_00123600.cif,0.811858894170628,80.282638,16.44493,0.0,0.0,0.0,0.0,0.0
3364,set_001__step_00168250,/home/jovyan/AIMD-data/enol/vdw-cal/intermediates_enol2_H_dataset/cif_frames/set_001/step_00168250.cif,0.8106579934951215,83.291911,12.116754,0.0,0.0,0.0,0.0,0.0
2510,set_001__step_00125550,/home/jovyan/AIMD-data/enol/vdw-cal/intermediates_enol2_H_dataset/cif_frames/set_001/step_00125550.cif,0.8097823367525645,81.35903,14.892583,0.0,0.0,0.0,0.0,0.0
1996,set_000__step_00099850,/home/jovyan/AIMD-data/enol/vdw-cal/intermediates_enol2_H_dataset/cif_frames/set_000/step_00099850.cif,0.8096572429321991,79.334116,15.597681,0.028422,0.0,0.0,0.0,0.0
2368,set_001__step_00118450,/home/jovyan/AIMD-data/enol/vdw-cal/intermediates_enol2_H_dataset/cif_frames/set_001/step_00118450.cif,0.8082436827620715,81.727936,15.077499,0.0,0.0,0.0,0.0,0.0
1568,set_000__step_00078450,/home/jovyan/AIMD-data/enol/vdw-cal/intermediates_enol2_H_dataset/cif_frames/set_000/step_00078450.cif,0.8074055541656242,78.845885,17.79908,0.109023,0.0,0.0,0.0,0.0
2444,set_001__step_00122250,/home/jovyan/AIMD-data/enol/vdw-cal/intermediates_enol2_H_dataset/cif_frames/set_001/step_00122250.cif,0.8052789592194145,80.524964,15.746225,0.0,0.0,0.0,0.0,0.0
3681,set_001__step_00184100,/home/jovyan/AIMD-data/enol/vdw-cal/intermediates_enol2_H_dataset/cif_frames/set_001/step_00184100.cif,0.8051038278709032,78.907249,13.602966,0.0,0.0,0.0,0.0,0.0
3410,set_001__step_00170550,/home/jovyan/AIMD-data/enol/vdw-cal/intermediates_enol2_H_dataset/cif_frames/set_001/step_00170550.cif,0.8008256192144108,80.065757,13.0828,0.0,0.0,0.0,0.0,0.0
2946,set_001__step_00147350,/home/jovyan/AIMD-data/enol/vdw-cal/intermediates_enol2_H_dataset/cif_frames/set_001/step_00147350.cif,0.8005504128096071,83.520545,12.638496,0.0,0.0,0.0,0.0,0.0
1778,set_000__step_00088950,/home/jovyan/AIMD-data/enol/vdw-cal/intermediates_enol2_H_dataset/cif_frames/set_000/step_00088950.cif,0.7993745308981737,82.859262,16.125432,0.0,0.0,0.0,0.0,0.0
2417,set_001__step_00120900,/home/jovyan/AIMD-data/enol/vdw-cal/intermediates_enol2_H_dataset/cif_frames/set_001/step_00120900.cif,0.7958719039279459,80.576889,15.189422,0.0,0.0,0.0,0.0,0.0
2382,set_001__step_00119150,/home/jovyan/AIMD-data/enol/vdw-cal/intermediates_enol2_H_dataset/cif_frames/set_001/step_00119150.cif,0.7930447835876908,82.275096,14.111011,0.0,0.0,0.0,0.0,0.0
3996,set_001__step_00199850,/home/jovyan/AIMD-data/enol/vdw-cal/intermediates_enol2_H_dataset/cif_frames/set_001/step_00199850.cif,0.7913059794846135,77.902116,13.561738,0.0,0.0,0.0,0.0,0.0
2334,set_001__step_00116750,/home/jovyan/AIMD-data/enol/vdw-cal/intermediates_enol2_H_dataset/cif_frames/set_001/step_00116750.cif,0.7908806604953715,80.786554,12.676472,0.085652,0.0,0.0,0.0,0.0
1582,set_000__step_00079150,/home/jovyan/AIMD-data/enol/vdw-cal/intermediates_enol2_H_dataset/cif_frames/set_000/step_00079150.cif,0.7887915936952715,79.004885,15.404071,0.079673,0.0,0.0,0.0,0.0
2244,set_001__step_00112250,/home/jovyan/AIMD-data/enol/vdw-cal/intermediates_enol2_H_dataset/cif_frames/set_001/step_00112250.cif,0.788378784088066,83.878978,13.819011,0.0,0.0,0.0,0.0,0.0
2811,set_001__step_00140600,/home/jovyan/AIMD-data/enol/vdw-cal/intermediates_enol2_H_dataset/cif_frames/set_001/step_00140600.cif,0.7853640230172629,83.19689,12.567076,0.0,0.0,0.0,0.0,0.0
1534,set_000__step_00076750,/home/jovyan/AIMD-data/enol/vdw-cal/intermediates_enol2_H_dataset/cif_frames/set_000/step_00076750.cif,0.7836502376782587,81.841684,17.641718,0.0,0.0,0.0,0.0,0.0
3253,set_001__step_00162700,/home/jovyan/AIMD-data/enol/vdw-cal/intermediates_enol2_H_dataset/cif_frames/set_001/step_00162700.cif,0.7820615461596196,79.7635,13.089197,0.0,0.0,0.0,0.0,0.0
2204,set_001__step_00110250,/home/jovyan/AIMD-data/enol/vdw-cal/intermediates_enol2_H_dataset/cif_frames/set_001/step_00110250.cif,0.7815111333500124,82.337896,14.127738,0.0,0.0,0.0,0.0,0.0
3298,set_001__step_00164950,/home/jovyan/AIMD-data/enol/vdw-cal/intermediates_enol2_H_dataset/cif_frames/set_001/step_00164950.cif,0.7786089567175382,81.31933,11.961304,0.0,0.0,0.0,0.0,0.0
3520,set_001__step_00176050,/home/jovyan/AIMD-data/enol/vdw-cal/intermediates_enol2_H_dataset/cif_frames/set_001/step_00176050.cif,0.7764698523892921,79.654786,12.470489,0.0,0.0,0.0,0.0,0.0
2263,set_001__step_00113200,/home/jovyan/AIMD-data/enol/vdw-cal/intermediates_enol2_H_dataset/cif_frames/set_001/step_00113200.cif,0.7731673755316488,82.312043,13.697555,0.0,0.0,0.0,0.0,0.0
2429,set_001__step_00121500,/home/jovyan/AIMD-data/enol/vdw-cal/intermediates_enol2_H_dataset/cif_frames/set_001/step_00121500.cif,0.7722291718789092,82.410633,13.199356,0.0,0.0,0.0,0.0,0.0
3613,set_001__step_00180700,/home/jovyan/AIMD-data/enol/vdw-cal/intermediates_enol2_H_dataset/cif_frames/set_001/step_00180700.cif,0.7702651988991744,79.835884,11.872807,0.0,0.0,0.0,0.0,0.0
2896,set_001__step_00144850,/home/jovyan/AIMD-data/enol/vdw-cal/intermediates_enol2_H_dataset/cif_frames/set_001/step_00144850.cif,0.7700025018764073,80.420453,12.994285,0.0,0.0,0.0,0.0,0.0
1625,set_000__step_00081300,/home/jovyan/AIMD-data/enol/vdw-cal/intermediates_enol2_H_dataset/cif_frames/set_000/step_00081300.cif,0.7691768826619965,78.535415,15.377056,0.025212,0.0,0.0,0.0,0.0
1981,set_000__step_00099100,/home/jovyan/AIMD-data/enol/vdw-cal/intermediates_enol2_H_dataset/cif_frames/set_000/step_00099100.cif,0.7681886414811109,81.43988,14.606913,0.0,0.0,0.0,0.0,0.0
1873,set_000__step_00093700,/home/jovyan/AIMD-data/enol/vdw-cal/intermediates_enol2_H_dataset/cif_frames/set_000/step_00093700.cif,0.767150362772079,80.069995,16.495578,0.0,0.0,0.0,0.0,0.0
1190,set_000__step_00059550,/home/jovyan/AIMD-data/enol/vdw-cal/intermediates_enol2_H_dataset/cif_frames/set_000/step_00059550.cif,0.7668501376032023,82.491758,17.743778,0.0,0.0,0.0,0.0,0.0
3008,set_001__step_00150450,/home/jovyan/AIMD-data/enol/vdw-cal/intermediates_enol2_H_dataset/cif_frames/set_001/step_00150450.cif,0.7658493870402802,80.185851,12.757019,0.0,0.0,0.0,0.0,0.0
2392,set_001__step_00119650,/home/jovyan/AIMD-data/enol/vdw-cal/intermediates_enol2_H_dataset/cif_frames/set_001/step_00119650.cif,0.7653239929947461,82.878619,12.950523,0.0,0.0,0.0,0.0,0.0
3322,set_001__step_00166150,/home/jovyan/AIMD-data/enol/vdw-cal/intermediates_enol2_H_dataset/cif_frames/set_001/step_00166150.cif,0.7641230923192395,78.364713,13.646869,0.0,0.0,0.0,0.0,0.0
1891,set_000__step_00094600,/home/jovyan/AIMD-data/enol/vdw-cal/intermediates_enol2_H_dataset/cif_frames/set_000/step_00094600.cif,0.7636227170377783,79.870721,16.47322,0.0,0.0,0.0,0.0,0.0
3771,set_001__step_00188600,/home/jovyan/AIMD-data/enol/vdw-cal/intermediates_enol2_H_dataset/cif_frames/set_001/step_00188600.cif,0.7633975481611208,77.820818,13.281267,0.0,0.0,0.0,0.0,0.0
1790,set_000__step_00089550,/home/jovyan/AIMD-data/enol/vdw-cal/intermediates_enol2_H_dataset/cif_frames/set_000/step_00089550.cif,0.7631723792844634,80.000127,16.8114,0.0,0.0,0.0,0.0,0.0
1002,set_000__step_00050150,/home/jovyan/AIMD-data/enol/vdw-cal/intermediates_enol2_H_dataset/cif_frames/set_000/step_00050150.cif,0.7625594195646735,78.019841,17.163674,0.65728,0.0,0.0,0.0,0.0
2677,set_001__step_00133900,/home/jovyan/AIMD-data/enol/vdw-cal/intermediates_enol2_H_dataset/cif_frames/set_001/step_00133900.cif,0.7599824868651488,80.561687,13.097611,0.0,0.0,0.0,0.0,0.0
2694,set_001__step_00134750,/home/jovyan/AIMD-data/enol/vdw-cal/intermediates_enol2_H_dataset/cif_frames/set_001/step_00134750.cif,0.7586314736052039,81.065928,12.749292,0.0,0.0,0.0,0.0,0.0
2981,set_001__step_00149100,/home/jovyan/AIMD-data/enol/vdw-cal/intermediates_enol2_H_dataset/cif_frames/set_001/step_00149100.cif,0.7540905679259444,82.023744,11.621563,0.0,0.0,0.0,0.0,0.0
1394,set_000__step_00069750,/home/jovyan/AIMD-data/enol/vdw-cal/intermediates_enol2_H_dataset/cif_frames/set_000/step_00069750.cif,0.7539029271953964,80.836973,16.589887,0.0,0.0,0.0,0.0,0.0
1742,set_000__step_00087150,/home/jovyan/AIMD-data/enol/vdw-cal/intermediates_enol2_H_dataset/cif_frames/set_000/step_00087150.cif,0.7538528896672504,78.264152,14.620289,0.046648,0.0,0.0,0.0,0.0
2707,set_001__step_00135400,/home/jovyan/AIMD-data/enol/vdw-cal/intermediates_enol2_H_dataset/cif_frames/set_001/step_00135400.cif,0.7535276457343008,78.322697,15.087037,0.0,0.0,0.0,0.0,0.0
2885,set_001__step_00144300,/home/jovyan/AIMD-data/enol/vdw-cal/intermediates_enol2_H_dataset/cif_frames/set_001/step_00144300.cif,0.7527395546659995,80.784958,12.281361,0.0,0.0,0.0,0.0,0.0
2284,set_001__step_00114250,/home/jovyan/AIMD-data/enol/vdw-cal/intermediates_enol2_H_dataset/cif_frames/set_001/step_00114250.cif,0.7527020265198899,80.578712,13.768966,0.0,0.0,0.0,0.0,0.0
1659,set_000__step_00083000,/home/jovyan/AIMD-data/enol/vdw-cal/intermediates_enol2_H_dataset/cif_frames/set_000/step_00083000.cif,0.7508881661245934,77.894487,14.954504,0.175725,0.0,0.0,0.0,0.0
2102,set_001__step_00105150,/home/jovyan/AIMD-data/enol/vdw-cal/intermediates_enol2_H_dataset/cif_frames/set_001/step_00105150.cif,0.7442331748811608,80.686035,13.868261,0.0,0.0,0.0,0.0,0.0
1103,set_000__step_00055200,/home/jovyan/AIMD-data/enol/vdw-cal/intermediates_enol2_H_dataset/cif_frames/set_000/step_00055200.cif,0.7419814861145859,78.195507,15.436523,0.038583,0.0,0.0,0.0,0.0
1495,set_000__step_00074800,/home/jovyan/AIMD-data/enol/vdw-cal/intermediates_enol2_H_dataset/cif_frames/set_000/step_00074800.cif,0.741343507630723,80.627878,15.448346,0.0,0.0,0.0,0.0,0.0
3865,set_001__step_00193300,/home/jovyan/AIMD-data/enol/vdw-cal/intermediates_enol2_H_dataset/cif_frames/set_001/step_00193300.cif,0.741105829372029,79.686711,10.66261,0.0,0.0,0.0,0.0,0.0
2066,set_001__step_00103350,/home/jovyan/AIMD-data/enol/vdw-cal/intermediates_enol2_H_dataset/cif_frames/set_001/step_00103350.cif,0.7401050788091068,80.922505,13.636091,0.0,0.0,0.0,0.0,0.0
1831,set_000__step_00091600,/home/jovyan/AIMD-data/enol/vdw-cal/intermediates_enol2_H_dataset/cif_frames/set_000/step_00091600.cif,0.7333750312734552,79.792191,14.911874,0.0,0.0,0.0,0.0,0.0
2762,set_001__step_00138150,/home/jovyan/AIMD-data/enol/vdw-cal/intermediates_enol2_H_dataset/cif_frames/set_001/step_00138150.cif,0.7333375031273455,80.418326,12.176291,0.0,0.0,0.0,0.0,0.0
3486,set_001__step_00174350,/home/jovyan/AIMD-data/enol/vdw-cal/intermediates_enol2_H_dataset/cif_frames/set_001/step_00174350.cif,0.7321115836877659,79.975681,10.970697,0.0,0.0,0.0,0.0,0.0
1379,set_000__step_00069000,/home/jovyan/AIMD-data/enol/vdw-cal/intermediates_enol2_H_dataset/cif_frames/set_000/step_00069000.cif,0.7313860395296473,77.950742,14.991057,0.016702,0.0,0.0,0.0,0.0
1285,set_000__step_00064300,/home/jovyan/AIMD-data/enol/vdw-cal/intermediates_enol2_H_dataset/cif_frames/set_000/step_00064300.cif,0.7306730047535651,80.231488,16.236936,0.0,0.0,0.0,0.0,0.0
1225,set_000__step_00061300,/home/jovyan/AIMD-data/enol/vdw-cal/intermediates_enol2_H_dataset/cif_frames/set_000/step_00061300.cif,0.7297473104828622,80.627478,15.918795,0.0,0.0,0.0,0.0,0.0
3807,set_001__step_00190400,/home/jovyan/AIMD-data/enol/vdw-cal/intermediates_enol2_H_dataset/cif_frames/set_001/step_00190400.cif,0.7286965223917938,76.049807,14.837441,0.0,0.0,0.0,0.0,0.0
3571,set_001__step_00178600,/home/jovyan/AIMD-data/enol/vdw-cal/intermediates_enol2_H_dataset/cif_frames/set_001/step_00178600.cif,0.728108581436077,79.423451,11.13463,0.0,0.0,0.0,0.0,0.0
2622,set_001__step_00131150,/home/jovyan/AIMD-data/enol/vdw-cal/intermediates_enol2_H_dataset/cif_frames/set_001/step_00131150.cif,0.7219039279459595,81.562924,11.634813,0.0,0.0,0.0,0.0,0.0
3905,set_001__step_00195300,/home/jovyan/AIMD-data/enol/vdw-cal/intermediates_enol2_H_dataset/cif_frames/set_001/step_00195300.cif,0.7199899924943708,77.476663,12.107244,0.0,0.0,0.0,0.0,0.0
1963,set_000__step_00098200,/home/jovyan/AIMD-data/enol/vdw-cal/intermediates_enol2_H_dataset/cif_frames/set_000/step_00098200.cif,0.7185639229422067,77.269295,14.252602,0.130548,0.0,0.0,0.0,0.0
1916,set_000__step_00095850,/home/jovyan/AIMD-data/enol/vdw-cal/intermediates_enol2_H_dataset/cif_frames/set_000/step_00095850.cif,0.7179509632224168,77.14722,14.926201,0.024455,0.0,0.0,0.0,0.0
2154,set_001__step_00107750,/home/jovyan/AIMD-data/enol/vdw-cal/intermediates_enol2_H_dataset/cif_frames/set_001/step_00107750.cif,0.7157743307480611,81.27079,12.588656,0.0,0.0,0.0,0.0,0.0
2484,set_001__step_00124250,/home/jovyan/AIMD-data/enol/vdw-cal/intermediates_enol2_H_dataset/cif_frames/set_001/step_00124250.cif,0.7117838378784088,80.132019,12.317944,0.0,0.0,0.0,0.0,0.0
2185,set_001__step_00109300,/home/jovyan/AIMD-data/enol/vdw-cal/intermediates_enol2_H_dataset/cif_frames/set_001/step_00109300.cif,0.7083562672004003,78.811821,12.064875,0.030759,0.0,0.0,0.0,0.0
1418,set_000__step_00070950,/home/jovyan/AIMD-data/enol/vdw-cal/intermediates_enol2_H_dataset/cif_frames/set_000/step_00070950.cif,0.7071303477608206,78.658797,13.079078,0.023762,0.0,0.0,0.0,0.0
912,set_000__step_00045650,/home/jovyan/AIMD-data/enol/vdw-cal/intermediates_enol2_H_dataset/cif_frames/set_000/step_00045650.cif,0.7068926695021266,80.08361,17.104844,0.0,0.0,0.0,0.0,0.0
3354,set_001__step_00167750,/home/jovyan/AIMD-data/enol/vdw-cal/intermediates_enol2_H_dataset/cif_frames/set_001/step_00167750.cif,0.6975731798849136,79.88572,10.134536,0.0,0.0,0.0,0.0,0.0
3131,set_001__step_00156600,/home/jovyan/AIMD-data/enol/vdw-cal/intermediates_enol2_H_dataset/cif_frames/set_001/step_00156600.cif,0.6971228421315987,79.227845,11.300198,0.0,0.0,0.0,0.0,0.0
3470,set_001__step_00173550,/home/jovyan/AIMD-data/enol/vdw-cal/intermediates_enol2_H_dataset/cif_frames/set_001/step_00173550.cif,0.6957593194896172,77.583948,12.168897,0.0,0.0,0.0,0.0,0.0
1807,set_000__step_00090400,/home/jovyan/AIMD-data/enol/vdw-cal/intermediates_enol2_H_dataset/cif_frames/set_000/step_00090400.cif,0.6916312234175632,76.424578,14.835195,0.290367,0.0,0.0,0.0,0.0
1553,set_000__step_00077700,/home/jovyan/AIMD-data/enol/vdw-cal/intermediates_enol2_H_dataset/cif_frames/set_000/step_00077700.cif,0.6887415561671254,76.16567,16.48431,0.085077,0.0,0.0,0.0,0.0
2782,set_001__step_00139150,/home/jovyan/AIMD-data/enol/vdw-cal/intermediates_enol2_H_dataset/cif_frames/set_001/step_00139150.cif,0.6887040280210157,77.622935,13.370441,0.0,0.0,0.0,0.0,0.0
1345,set_000__step_00067300,/home/jovyan/AIMD-data/enol/vdw-cal/intermediates_enol2_H_dataset/cif_frames/set_000/step_00067300.cif,0.6863522641981485,78.740284,15.763158,0.0,0.0,0.0,0.0,0.0
1470,set_000__step_00073550,/home/jovyan/AIMD-data/enol/vdw-cal/intermediates_enol2_H_dataset/cif_frames/set_000/step_00073550.cif,0.6848511383537652,78.225513,16.153078,0.0,0.0,0.0,0.0,0.0
1674,set_000__step_00083750,/home/jovyan/AIMD-data/enol/vdw-cal/intermediates_enol2_H_dataset/cif_frames/set_000/step_00083750.cif,0.6825619214410807,78.027405,15.699755,0.0,0.0,0.0,0.0,0.0
1428,set_000__step_00071450,/home/jovyan/AIMD-data/enol/vdw-cal/intermediates_enol2_H_dataset/cif_frames/set_000/step_00071450.cif,0.6816862646985239,75.862458,17.344165,0.229966,0.0,0.0,0.0,0.0
1700,set_000__step_00085050,/home/jovyan/AIMD-data/enol/vdw-cal/intermediates_enol2_H_dataset/cif_frames/set_000/step_00085050.cif,0.681523642732049,76.302317,15.669141,0.022935,0.0,0.0,0.0,0.0
3745,set_001__step_00187300,/home/jovyan/AIMD-data/enol/vdw-cal/intermediates_enol2_H_dataset/cif_frames/set_001/step_00187300.cif,0.680572929697273,77.285405,11.573065,0.0,0.0,0.0,0.0,0.0
3720,set_001__step_00186050,/home/jovyan/AIMD-data/enol/vdw-cal/intermediates_enol2_H_dataset/cif_frames/set_001/step_00186050.cif,0.6803227420565424,78.525137,9.99231,0.0,0.0,0.0,0.0,0.0
1240,set_000__step_00062050,/home/jovyan/AIMD-data/enol/vdw-cal/intermediates_enol2_H_dataset/cif_frames/set_000/step_00062050.cif,0.678984238178634,79.407106,14.701863,0.0,0.0,0.0,0.0,0.0
3153,set_001__step_00157700,/home/jovyan/AIMD-data/enol/vdw-cal/intermediates_enol2_H_dataset/cif_frames/set_001/step_00157700.cif,0.6766950212659494,77.425815,12.503481,0.0,0.0,0.0,0.0,0.0
2234,set_001__step_00111750,/home/jovyan/AIMD-data/enol/vdw-cal/intermediates_enol2_H_dataset/cif_frames/set_001/step_00111750.cif,0.6762071553665249,77.141736,12.658716,0.16171,0.0,0.0,0.0,0.0
2214,set_001__step_00110750,/home/jovyan/AIMD-data/enol/vdw-cal/intermediates_enol2_H_dataset/cif_frames/set_001/step_00110750.cif,0.6732799599699775,81.381494,11.162129,0.0,0.0,0.0,0.0,0.0
2729,set_001__step_00136500,/home/jovyan/AIMD-data/enol/vdw-cal/intermediates_enol2_H_dataset/cif_frames/set_001/step_00136500.cif,0.6725168876657492,78.342811,12.145659,0.0,0.0,0.0,0.0,0.0
3548,set_001__step_00177450,/home/jovyan/AIMD-data/enol/vdw-cal/intermediates_enol2_H_dataset/cif_frames/set_001/step_00177450.cif,0.6713660245183888,76.669328,12.507235,0.0,0.0,0.0,0.0,0.0
2831,set_001__step_00141600,/home/jovyan/AIMD-data/enol/vdw-cal/intermediates_enol2_H_dataset/cif_frames/set_001/step_00141600.cif,0.6711283462596946,79.524662,10.941436,0.0,0.0,0.0,0.0,0.0
2295,set_001__step_00114800,/home/jovyan/AIMD-data/enol/vdw-cal/intermediates_enol2_H_dataset/cif_frames/set_001/step_00114800.cif,0.6708156117087816,80.35053,11.426284,0.0,0.0,0.0,0.0,0.0
3531,set_001__step_00176600,/home/jovyan/AIMD-data/enol/vdw-cal/intermediates_enol2_H_dataset/cif_frames/set_001/step_00176600.cif,0.670565424068051,78.789023,9.749408,0.0,0.0,0.0,0.0,0.0
1439,set_000__step_00072000,/home/jovyan/AIMD-data/enol/vdw-cal/intermediates_enol2_H_dataset/cif_frames/set_000/step_00072000.cif,0.6699649737302976,76.888359,13.935634,0.078088,0.0,0.0,0.0,0.0
3028,set_001__step_00151450,/home/jovyan/AIMD-data/enol/vdw-cal/intermediates_enol2_H_dataset/cif_frames/set_001/step_00151450.cif,0.668451338503878,76.935813,11.954409,0.075208,0.0,0.0,0.0,0.0
1515,set_000__step_00075800,/home/jovyan/AIMD-data/enol/vdw-cal/intermediates_enol2_H_dataset/cif_frames/set_000/step_00075800.cif,0.6667375531648736,77.699327,16.110743,0.0,0.0,0.0,0.0,0.0
863,set_000__step_00043200,/home/jovyan/AIMD-data/enol/vdw-cal/intermediates_enol2_H_dataset/cif_frames/set_000/step_00043200.cif,0.6640355266449837,76.839547,14.829176,0.043139,0.0,0.0,0.0,0.0
3962,set_001__step_00198150,/home/jovyan/AIMD-data/enol/vdw-cal/intermediates_enol2_H_dataset/cif_frames/set_001/step_00198150.cif,0.6587440580435326,76.632911,11.31827,0.0,0.0,0.0,0.0,0.0
2120,set_001__step_00106050,/home/jovyan/AIMD-data/enol/vdw-cal/intermediates_enol2_H_dataset/cif_frames/set_001/step_00106050.cif,0.6585063797848386,77.941898,11.422998,0.075866,0.0,0.0,0.0,0.0
2569,set_001__step_00128500,/home/jovyan/AIMD-data/enol/vdw-cal/intermediates_enol2_H_dataset/cif_frames/set_001/step_00128500.cif,0.6559669752314236,79.909639,10.655788,0.0,0.0,0.0,0.0,0.0
1154,set_000__step_00057750,/home/jovyan/AIMD-data/enol/vdw-cal/intermediates_enol2_H_dataset/cif_frames/set_000/step_00057750.cif,0.6551663747810859,78.269597,15.61287,0.0,0.0,0.0,0.0,0.0
2907,set_001__step_00145400,/home/jovyan/AIMD-data/enol/vdw-cal/intermediates_enol2_H_dataset/cif_frames/set_001/step_00145400.cif,0.6503377533149863,77.574952,12.003697,0.0,0.0,0.0,0.0,0.0
3400,set_001__step_00170050,/home/jovyan/AIMD-data/enol/vdw-cal/intermediates_enol2_H_dataset/cif_frames/set_001/step_00170050.cif,0.6502877157868402,77.034503,11.742269,0.0,0.0,0.0,0.0,0.0
1760,set_000__step_00088050,/home/jovyan/AIMD-data/enol/vdw-cal/intermediates_enol2_H_dataset/cif_frames/set_000/step_00088050.cif,0.646559919939955,76.383873,13.630584,0.039584,0.0,0.0,0.0,0.0
2666,set_001__step_00133350,/home/jovyan/AIMD-data/enol/vdw-cal/intermediates_enol2_H_dataset/cif_frames/set_001/step_00133350.cif,0.6455466599949962,77.715342,12.225473,0.0,0.0,0.0,0.0,0.0
2030,set_001__step_00101550,/home/jovyan/AIMD-data/enol/vdw-cal/intermediates_enol2_H_dataset/cif_frames/set_001/step_00101550.cif,0.6453465098824118,77.879296,13.427064,0.0,0.0,0.0,0.0,0.0
3832,set_001__step_00191650,/home/jovyan/AIMD-data/enol/vdw-cal/intermediates_enol2_H_dataset/cif_frames/set_001/step_00191650.cif,0.645183887915937,75.419377,12.728606,0.0,0.0,0.0,0.0,0.0
1266,set_000__step_00063350,/home/jovyan/AIMD-data/enol/vdw-cal/intermediates_enol2_H_dataset/cif_frames/set_000/step_00063350.cif,0.643382536902677,77.548385,16.132935,0.0,0.0,0.0,0.0,0.0
3710,set_001__step_00185550,/home/jovyan/AIMD-data/enol/vdw-cal/intermediates_enol2_H_dataset/cif_frames/set_001/step_00185550.cif,0.6430447835876907,77.762799,9.445983,0.0,0.0,0.0,0.0,0.0
3598,set_001__step_00179950,/home/jovyan/AIMD-data/enol/vdw-cal/intermediates_enol2_H_dataset/cif_frames/set_001/step_00179950.cif,0.6419189392044032,76.352757,11.988985,0.0,0.0,0.0,0.0,0.0
2273,set_001__step_00113700,/home/jovyan/AIMD-data/enol/vdw-cal/intermediates_enol2_H_dataset/cif_frames/set_001/step_00113700.cif,0.6338128596447336,78.338396,12.001555,0.0,0.0,0.0,0.0,0.0
2855,set_001__step_00142800,/home/jovyan/AIMD-data/enol/vdw-cal/intermediates_enol2_H_dataset/cif_frames/set_001/step_00142800.cif,0.6331748811608706,78.056327,11.086012,0.0,0.0,0.0,0.0,0.0
1594,set_000__step_00079750,/home/jovyan/AIMD-data/enol/vdw-cal/intermediates_enol2_H_dataset/cif_frames/set_000/step_00079750.cif,0.6288466349762322,75.379868,14.996814,0.02165,0.0,0.0,0.0,0.0
1480,set_000__step_00074050,/home/jovyan/AIMD-data/enol/vdw-cal/intermediates_enol2_H_dataset/cif_frames/set_000/step_00074050.cif,0.6240305228921692,77.549261,14.267836,0.0,0.0,0.0,0.0,0.0
2461,set_001__step_00123100,/home/jovyan/AIMD-data/enol/vdw-cal/intermediates_enol2_H_dataset/cif_frames/set_001/step_00123100.cif,0.6190142606955217,77.867931,11.746906,0.0,0.0,0.0,0.0,0.0
2164,set_001__step_00108250,/home/jovyan/AIMD-data/enol/vdw-cal/intermediates_enol2_H_dataset/cif_frames/set_001/step_00108250.cif,0.6183262446835126,77.989802,12.181986,0.0,0.0,0.0,0.0,0.0
1058,set_000__step_00052950,/home/jovyan/AIMD-data/enol/vdw-cal/intermediates_enol2_H_dataset/cif_frames/set_000/step_00052950.cif,0.6161245934450837,77.102078,17.333587,0.0,0.0,0.0,0.0,0.0
1368,set_000__step_00068450,/home/jovyan/AIMD-data/enol/vdw-cal/intermediates_enol2_H_dataset/cif_frames/set_000/step_00068450.cif,0.6147985989492118,77.464957,14.393498,0.0,0.0,0.0,0.0,0.0
2524,set_001__step_00126250,/home/jovyan/AIMD-data/enol/vdw-cal/intermediates_enol2_H_dataset/cif_frames/set_001/step_00126250.cif,0.6141105829372029,77.727953,11.626102,0.0,0.0,0.0,0.0,0.0
2644,set_001__step_00132250,/home/jovyan/AIMD-data/enol/vdw-cal/intermediates_enol2_H_dataset/cif_frames/set_001/step_00132250.cif,0.6056167125344009,78.153765,10.575382,0.0,0.0,0.0,0.0,0.0
3309,set_001__step_00165500,/home/jovyan/AIMD-data/enol/vdw-cal/intermediates_enol2_H_dataset/cif_frames/set_001/step_00165500.cif,0.6053289967475606,76.334626,11.589052,0.0,0.0,0.0,0.0,0.0
2018,set_001__step_00100950,/home/jovyan/AIMD-data/enol/vdw-cal/intermediates_enol2_H_dataset/cif_frames/set_001/step_00100950.cif,0.5969727295471603,77.755418,9.677961,0.047809,0.0,0.0,0.0,0.0
2306,set_001__step_00115350,/home/jovyan/AIMD-data/enol/vdw-cal/intermediates_enol2_H_dataset/cif_frames/set_001/step_00115350.cif,0.592857142857143,76.842511,12.622693,0.0,0.0,0.0,0.0,0.0
1307,set_000__step_00065400,/home/jovyan/AIMD-data/enol/vdw-cal/intermediates_enol2_H_dataset/cif_frames/set_000/step_00065400.cif,0.5875031273455091,77.335226,13.746558,0.0,0.0,0.0,0.0,0.0
3508,set_001__step_00175450,/home/jovyan/AIMD-data/enol/vdw-cal/intermediates_enol2_H_dataset/cif_frames/set_001/step_00175450.cif,0.585126344758569,76.002843,10.984444,0.0,0.0,0.0,0.0,0.0
1209,set_000__step_00060500,/home/jovyan/AIMD-data/enol/vdw-cal/intermediates_enol2_H_dataset/cif_frames/set_000/step_00060500.cif,0.5769326995246434,77.598577,13.225564,0.0,0.0,0.0,0.0,0.0
2821,set_001__step_00141100,/home/jovyan/AIMD-data/enol/vdw-cal/intermediates_enol2_H_dataset/cif_frames/set_001/step_00141100.cif,0.5722041531148361,77.605565,9.30046,0.0,0.0,0.0,0.0,0.0
1173,set_000__step_00058700,/home/jovyan/AIMD-data/enol/vdw-cal/intermediates_enol2_H_dataset/cif_frames/set_000/step_00058700.cif,0.5681761320990744,76.964406,13.998728,0.0,0.0,0.0,0.0,0.0
2144,set_001__step_00107250,/home/jovyan/AIMD-data/enol/vdw-cal/intermediates_enol2_H_dataset/cif_frames/set_001/step_00107250.cif,0.5665874405804353,78.786885,9.419498,0.0,0.0,0.0,0.0,0.0
976,set_000__step_00048850,/home/jovyan/AIMD-data/enol/vdw-cal/intermediates_enol2_H_dataset/cif_frames/set_000/step_00048850.cif,0.5623717788341256,76.804585,14.6524,0.0,0.0,0.0,0.0,0.0
1456,set_000__step_00072850,/home/jovyan/AIMD-data/enol/vdw-cal/intermediates_enol2_H_dataset/cif_frames/set_000/step_00072850.cif,0.5594821115836878,77.217213,12.697881,0.0,0.0,0.0,0.0,0.0
2579,set_001__step_00129000,/home/jovyan/AIMD-data/enol/vdw-cal/intermediates_enol2_H_dataset/cif_frames/set_001/step_00129000.cif,0.5547660745559169,77.274858,10.203423,0.0,0.0,0.0,0.0,0.0
1012,set_000__step_00050650,/home/jovyan/AIMD-data/enol/vdw-cal/intermediates_enol2_H_dataset/cif_frames/set_000/step_00050650.cif,0.5524518388791593,76.316092,15.191694,0.0,0.0,0.0,0.0,0.0
3947,set_001__step_00197400,/home/jovyan/AIMD-data/enol/vdw-cal/intermediates_enol2_H_dataset/cif_frames/set_001/step_00197400.cif,0.5403802852139105,74.683948,10.153321,0.0,0.0,0.0,0.0,0.0
3498,set_001__step_00174950,/home/jovyan/AIMD-data/enol/vdw-cal/intermediates_enol2_H_dataset/cif_frames/set_001/step_00174950.cif,0.531310983237428,75.752543,8.50845,0.0,0.0,0.0,0.0,0.0
2056,set_001__step_00102850,/home/jovyan/AIMD-data/enol/vdw-cal/intermediates_enol2_H_dataset/cif_frames/set_001/step_00102850.cif,0.5281210908181136,77.350604,10.467424,0.0,0.0,0.0,0.0,0.0
2358,set_001__step_00117950,/home/jovyan/AIMD-data/enol/vdw-cal/intermediates_enol2_H_dataset/cif_frames/set_001/step_00117950.cif,0.5267825869402052,77.227427,9.743971,0.0,0.0,0.0,0.0,0.0
815,set_000__step_00040800,/home/jovyan/AIMD-data/enol/vdw-cal/intermediates_enol2_H_dataset/cif_frames/set_000/step_00040800.cif,0.5238428821616212,73.677018,13.976489,0.726314,0.0,0.0,0.0,0.0
1730,set_000__step_00086550,/home/jovyan/AIMD-data/enol/vdw-cal/intermediates_enol2_H_dataset/cif_frames/set_000/step_00086550.cif,0.5175131348511384,75.370282,13.35431,0.0,0.0,0.0,0.0,0.0
2959,set_001__step_00148000,/home/jovyan/AIMD-data/enol/vdw-cal/intermediates_enol2_H_dataset/cif_frames/set_001/step_00148000.cif,0.5119589692269202,75.298,10.803534,0.0,0.0,0.0,0.0,0.0
923,set_000__step_00046200,/home/jovyan/AIMD-data/enol/vdw-cal/intermediates_enol2_H_dataset/cif_frames/set_000/step_00046200.cif,0.5089567175381536,75.96633,14.163006,0.0,0.0,0.0,0.0,0.0
1133,set_000__step_00056700,/home/jovyan/AIMD-data/enol/vdw-cal/intermediates_enol2_H_dataset/cif_frames/set_000/step_00056700.cif,0.4996247185389042,75.497543,13.972869,0.0,0.0,0.0,0.0,0.0
1038,set_000__step_00051950,/home/jovyan/AIMD-data/enol/vdw-cal/intermediates_enol2_H_dataset/cif_frames/set_000/step_00051950.cif,0.49388291218413816,75.263949,14.419327,0.0,0.0,0.0,0.0,0.0
1028,set_000__step_00051450,/home/jovyan/AIMD-data/enol/vdw-cal/intermediates_enol2_H_dataset/cif_frames/set_000/step_00051450.cif,0.4887540655491619,76.695801,12.220871,0.0,0.0,0.0,0.0,0.0
1143,set_000__step_00057200,/home/jovyan/AIMD-data/enol/vdw-cal/intermediates_enol2_H_dataset/cif_frames/set_000/step_00057200.cif,0.4842631973980485,75.941473,12.862223,0.0,0.0,0.0,0.0,0.0
1847,set_000__step_00092400,/home/jovyan/AIMD-data/enol/vdw-cal/intermediates_enol2_H_dataset/cif_frames/set_000/step_00092400.cif,0.48391293470102575,74.222568,13.56061,0.0,0.0,0.0,0.0,0.0
2917,set_001__step_00145900,/home/jovyan/AIMD-data/enol/vdw-cal/intermediates_enol2_H_dataset/cif_frames/set_001/step_00145900.cif,0.4803102326745059,74.841119,10.411812,0.0,0.0,0.0,0.0,0.0
849,set_000__step_00042500,/home/jovyan/AIMD-data/enol/vdw-cal/intermediates_enol2_H_dataset/cif_frames/set_000/step_00042500.cif,0.4729797348011008,74.003882,18.099717,0.0,0.0,0.0,0.0,0.0
2842,set_001__step_00142150,/home/jovyan/AIMD-data/enol/vdw-cal/intermediates_enol2_H_dataset/cif_frames/set_001/step_00142150.cif,0.4705779334500876,74.699702,10.456515,0.0,0.0,0.0,0.0,0.0
1118,set_000__step_00055950,/home/jovyan/AIMD-data/enol/vdw-cal/intermediates_enol2_H_dataset/cif_frames/set_000/step_00055950.cif,0.46827620715536655,76.265963,12.018517,0.0,0.0,0.0,0.0,0.0
1325,set_000__step_00066300,/home/jovyan/AIMD-data/enol/vdw-cal/intermediates_enol2_H_dataset/cif_frames/set_000/step_00066300.cif,0.46716287215411556,75.548655,12.397634,0.0,0.0,0.0,0.0,0.0
765,set_000__step_00038300,/home/jovyan/AIMD-data/enol/vdw-cal/intermediates_enol2_H_dataset/cif_frames/set_000/step_00038300.cif,0.4614961220915687,74.150266,16.136546,0.0,0.0,0.0,0.0,0.0
1068,set_000__step_00053450,/home/jovyan/AIMD-data/enol/vdw-cal/intermediates_enol2_H_dataset/cif_frames/set_000/step_00053450.cif,0.4561546159619715,75.895297,12.206823,0.0,0.0,0.0,0.0,0.0
1408,set_000__step_00070450,/home/jovyan/AIMD-data/enol/vdw-cal/intermediates_enol2_H_dataset/cif_frames/set_000/step_00070450.cif,0.4558043532649487,74.276539,13.459536,0.0,0.0,0.0,0.0,0.0
1088,set_000__step_00054450,/home/jovyan/AIMD-data/enol/vdw-cal/intermediates_enol2_H_dataset/cif_frames/set_000/step_00054450.cif,0.43684013009757316,74.409343,13.430814,0.0,0.0,0.0,0.0,0.0
964,set_000__step_00048250,/home/jovyan/AIMD-data/enol/vdw-cal/intermediates_enol2_H_dataset/cif_frames/set_000/step_00048250.cif,0.43112334250688017,74.472379,13.463073,0.0,0.0,0.0,0.0,0.0
1505,set_000__step_00075300,/home/jovyan/AIMD-data/enol/vdw-cal/intermediates_enol2_H_dataset/cif_frames/set_000/step_00075300.cif,0.42703277458093575,74.478928,12.126954,0.0,0.0,0.0,0.0,0.0
954,set_000__step_00047750,/home/jovyan/AIMD-data/enol/vdw-cal/intermediates_enol2_H_dataset/cif_frames/set_000/step_00047750.cif,0.4210407805854391,74.317404,13.325234,0.0,0.0,0.0,0.0,0.0
750,set_000__step_00037550,/home/jovyan/AIMD-data/enol/vdw-cal/intermediates_enol2_H_dataset/cif_frames/set_000/step_00037550.cif,0.4119339504628472,72.888116,15.841971,0.0,0.0,0.0,0.0,0.0
1635,set_000__step_00081800,/home/jovyan/AIMD-data/enol/vdw-cal/intermediates_enol2_H_dataset/cif_frames/set_000/step_00081800.cif,0.3970227670753065,72.055155,10.896732,0.095266,0.0,0.0,0.0,0.0
784,set_000__step_00039250,/home/jovyan/AIMD-data/enol/vdw-cal/intermediates_enol2_H_dataset/cif_frames/set_000/step_00039250.cif,0.3838879159369527,72.709377,14.49016,0.0,0.0,0.0,0.0,0.0
802,set_000__step_00040150,/home/jovyan/AIMD-data/enol/vdw-cal/intermediates_enol2_H_dataset/cif_frames/set_000/step_00040150.cif,0.3807855891918939,72.36538,14.736491,0.0,0.0,0.0,0.0,0.0
881,set_000__step_00044100,/home/jovyan/AIMD-data/enol/vdw-cal/intermediates_enol2_H_dataset/cif_frames/set_000/step_00044100.cif,0.36848886664998753,73.056047,13.237047,0.0,0.0,0.0,0.0,0.0
1335,set_000__step_00066800,/home/jovyan/AIMD-data/enol/vdw-cal/intermediates_enol2_H_dataset/cif_frames/set_000/step_00066800.cif,0.3675631723792845,70.799752,13.975834,0.0,0.0,0.0,0.0,0.0
830,set_000__step_00041550,/home/jovyan/AIMD-data/enol/vdw-cal/intermediates_enol2_H_dataset/cif_frames/set_000/step_00041550.cif,0.3653990492869652,72.380408,14.007852,0.0,0.0,0.0,0.0,0.0
894,set_000__step_00044750,/home/jovyan/AIMD-data/enol/vdw-cal/intermediates_enol2_H_dataset/cif_frames/set_000/step_00044750.cif,0.3506504878658994,73.378311,12.466438,0.0,0.0,0.0,0.0,0.0
604,set_000__step_00030250,/home/jovyan/AIMD-data/enol/vdw-cal/intermediates_enol2_H_dataset/cif_frames/set_000/step_00030250.cif,0.3494871153365024,69.2799,17.504766,0.0,0.0,0.0,0.0,0.0
1250,set_000__step_00062550,/home/jovyan/AIMD-data/enol/vdw-cal/intermediates_enol2_H_dataset/cif_frames/set_000/step_00062550.cif,0.34763572679509624,72.84761,12.054777,0.0,0.0,0.0,0.0,0.0
731,set_000__step_00036600,/home/jovyan/AIMD-data/enol/vdw-cal/intermediates_enol2_H_dataset/cif_frames/set_000/step_00036600.cif,0.346134600950713,69.593073,15.671957,0.0,0.0,0.0,0.0,0.0
660,set_000__step_00033050,/home/jovyan/AIMD-data/enol/vdw-cal/intermediates_enol2_H_dataset/cif_frames/set_000/step_00033050.cif,0.3454590943207405,69.31948,16.149968,0.0,0.0,0.0,0.0,0.0
689,set_000__step_00034500,/home/jovyan/AIMD-data/enol/vdw-cal/intermediates_enol2_H_dataset/cif_frames/set_000/step_00034500.cif,0.34403302476857645,69.551062,15.766503,0.0,0.0,0.0,0.0,0.0
672,set_000__step_00033650,/home/jovyan/AIMD-data/enol/vdw-cal/intermediates_enol2_H_dataset/cif_frames/set_000/step_00033650.cif,0.34118088566424815,68.065466,16.51113,0.0,0.0,0.0,0.0,0.0
986,set_000__step_00049350,/home/jovyan/AIMD-data/enol/vdw-cal/intermediates_enol2_H_dataset/cif_frames/set_000/step_00049350.cif,0.3393294971228421,73.742633,11.501556,0.0,0.0,0.0,0.0,0.0
558,set_000__step_00027950,/home/jovyan/AIMD-data/enol/vdw-cal/intermediates_enol2_H_dataset/cif_frames/set_000/step_00027950.cif,0.33830372779584683,68.612175,16.770249,0.0,0.0,0.0,0.0,0.0
712,set_000__step_00035650,/home/jovyan/AIMD-data/enol/vdw-cal/intermediates_enol2_H_dataset/cif_frames/set_000/step_00035650.cif,0.31305979484613466,68.216507,14.539975,0.0,0.0,0.0,0.0,0.0
940,set_000__step_00047050,/home/jovyan/AIMD-data/enol/vdw-cal/intermediates_enol2_H_dataset/cif_frames/set_000/step_00047050.cif,0.3098323742807106,70.155676,13.261231,0.0,0.0,0.0,0.0,0.0
1358,set_000__step_00067950,/home/jovyan/AIMD-data/enol/vdw-cal/intermediates_enol2_H_dataset/cif_frames/set_000/step_00067950.cif,0.301588691518639,71.914061,11.218306,0.0,0.0,0.0,0.0,0.0
581,set_000__step_00029100,/home/jovyan/AIMD-data/enol/vdw-cal/intermediates_enol2_H_dataset/cif_frames/set_000/step_00029100.cif,0.3006004503377533,61.040533,16.586472,0.0,0.0,0.0,0.0,0.0
437,set_000__step_00021900,/home/jovyan/AIMD-data/enol/vdw-cal/intermediates_enol2_H_dataset/cif_frames/set_000/step_00021900.cif,0.295396547410558,63.277985,15.949932,0.0,0.0,0.0,0.0,0.0
354,set_000__step_00017750,/home/jovyan/AIMD-data/enol/vdw-cal/intermediates_enol2_H_dataset/cif_frames/set_000/step_00017750.cif,0.2946960220165124,62.019109,17.395452,0.0,0.0,0.0,0.0,0.0
646,set_000__step_00032350,/home/jovyan/AIMD-data/enol/vdw-cal/intermediates_enol2_H_dataset/cif_frames/set_000/step_00032350.cif,0.29011758819114336,64.398386,14.532818,0.0,0.0,0.0,0.0,0.0
1048,set_000__step_00052450,/home/jovyan/AIMD-data/enol/vdw-cal/intermediates_enol2_H_dataset/cif_frames/set_000/step_00052450.cif,0.2807230422817113,69.366934,12.369458,0.0,0.0,0.0,0.0,0.0
1295,set_000__step_00064800,/home/jovyan/AIMD-data/enol/vdw-cal/intermediates_enol2_H_dataset/cif_frames/set_000/step_00064800.cif,0.2715411558669002,72.896718,8.405896,0.0,0.0,0.0,0.0,0.0
542,set_000__step_00027150,/home/jovyan/AIMD-data/enol/vdw-cal/intermediates_enol2_H_dataset/cif_frames/set_000/step_00027150.cif,0.26274706029522144,62.934091,14.032958,0.0,0.0,0.0,0.0,0.0
592,set_000__step_00029650,/home/jovyan/AIMD-data/enol/vdw-cal/intermediates_enol2_H_dataset/cif_frames/set_000/step_00029650.cif,0.26079559669752317,61.30573,14.141125,0.0,0.0,0.0,0.0,0.0
305,set_000__step_00015300,/home/jovyan/AIMD-data/enol/vdw-cal/intermediates_enol2_H_dataset/cif_frames/set_000/step_00015300.cif,0.25871903927945955,59.616881,15.613354,0.0,0.0,0.0,0.0,0.0
614,set_000__step_00030750,/home/jovyan/AIMD-data/enol/vdw-cal/intermediates_enol2_H_dataset/cif_frames/set_000/step_00030750.cif,0.2568426319739805,64.750678,13.364847,0.0,0.0,0.0,0.0,0.0
624,set_000__step_00031250,/home/jovyan/AIMD-data/enol/vdw-cal/intermediates_enol2_H_dataset/cif_frames/set_000/step_00031250.cif,0.25053790342757065,61.696977,13.599629,0.0,0.0,0.0,0.0,0.0
528,set_000__step_00026450,/home/jovyan/AIMD-data/enol/vdw-cal/intermediates_enol2_H_dataset/cif_frames/set_000/step_00026450.cif,0.24948711533650242,62.63947,13.630241,0.0,0.0,0.0,0.0,0.0
341,set_000__step_00017100,/home/jovyan/AIMD-data/enol/vdw-cal/intermediates_enol2_H_dataset/cif_frames/set_000/step_00017100.cif,0.24926194645984487,58.91213,15.106811,0.0,0.0,0.0,0.0,0.0
181,set_000__step_00009100,/home/jovyan/AIMD-data/enol/vdw-cal/intermediates_enol2_H_dataset/cif_frames/set_000/step_00009100.cif,0.24851138353765329,52.172463,18.549292,0.0,0.0,0.0,0.0,0.0
469,set_000__step_00023500,/home/jovyan/AIMD-data/enol/vdw-cal/intermediates_enol2_H_dataset/cif_frames/set_000/step_00023500.cif,0.24751063297473103,62.051464,13.819866,0.0,0.0,0.0,0.0,0.0
1078,set_000__step_00053950,/home/jovyan/AIMD-data/enol/vdw-cal/intermediates_enol2_H_dataset/cif_frames/set_000/step_00053950.cif,0.24382036527395545,71.287494,10.49041,0.0,0.0,0.0,0.0,0.0
635,set_000__step_00031800,/home/jovyan/AIMD-data/enol/vdw-cal/intermediates_enol2_H_dataset/cif_frames/set_000/step_00031800.cif,0.2386289717287966,61.475611,13.229686,0.0,0.0,0.0,0.0,0.0
277,set_000__step_00013900,/home/jovyan/AIMD-data/enol/vdw-cal/intermediates_enol2_H_dataset/cif_frames/set_000/step_00013900.cif,0.23850387790843133,54.846581,15.495909,0.0,0.0,0.0,0.0,0.0
459,set_000__step_00023000,/home/jovyan/AIMD-data/enol/vdw-cal/intermediates_enol2_H_dataset/cif_frames/set_000/step_00023000.cif,0.23254941205904428,60.831622,13.594299,0.0,0.0,0.0,0.0,0.0
198,set_000__step_00009950,/home/jovyan/AIMD-data/enol/vdw-cal/intermediates_enol2_H_dataset/cif_frames/set_000/step_00009950.cif,0.2175381536152114,51.365757,14.943303,0.0,0.0,0.0,0.0,0.0
114,set_000__step_00005750,/home/jovyan/AIMD-data/enol/vdw-cal/intermediates_enol2_H_dataset/cif_frames/set_000/step_00005750.cif,0.21691268451338505,42.347821,16.289676,0.0,0.0,0.0,0.0,0.0
479,set_000__step_00024000,/home/jovyan/AIMD-data/enol/vdw-cal/intermediates_enol2_H_dataset/cif_frames/set_000/step_00024000.cif,0.21683762822116587,61.491177,12.948889,0.0,0.0,0.0,0.0,0.0
58,set_000__step_00002950,/home/jovyan/AIMD-data/enol/vdw-cal/intermediates_enol2_H_dataset/cif_frames/set_000/step_00002950.cif,0.21093319989992496,34.433718,17.187424,0.0,0.0,0.0,0.0,0.0
260,set_000__step_00013050,/home/jovyan/AIMD-data/enol/vdw-cal/intermediates_enol2_H_dataset/cif_frames/set_000/step_00013050.cif,0.20988241180885664,49.003862,14.633931,0.0,0.0,0.0,0.0,0.0
375,set_000__step_00018800,/home/jovyan/AIMD-data/enol/vdw-cal/intermediates_enol2_H_dataset/cif_frames/set_000/step_00018800.cif,0.20800600450337756,56.697211,13.716222,0.0,0.0,0.0,0.0,0.0
492,set_000__step_00024650,/home/jovyan/AIMD-data/enol/vdw-cal/intermediates_enol2_H_dataset/cif_frames/set_000/step_00024650.cif,0.205479109331999,63.19329,12.276889,0.0,0.0,0.0,0.0,0.0
322,set_000__step_00016150,/home/jovyan/AIMD-data/enol/vdw-cal/intermediates_enol2_H_dataset/cif_frames/set_000/step_00016150.cif,0.20422817112834626,57.126938,13.667066,0.0,0.0,0.0,0.0,0.0
448,set_000__step_00022450,/home/jovyan/AIMD-data/enol/vdw-cal/intermediates_enol2_H_dataset/cif_frames/set_000/step_00022450.cif,0.20327745809357017,63.016503,12.353406,0.0,0.0,0.0,0.0,0.0
701,set_000__step_00035100,/home/jovyan/AIMD-data/enol/vdw-cal/intermediates_enol2_H_dataset/cif_frames/set_000/step_00035100.cif,0.19947460595446584,65.358786,11.412288,0.0,0.0,0.0,0.0,0.0
426,set_000__step_00021350,/home/jovyan/AIMD-data/enol/vdw-cal/intermediates_enol2_H_dataset/cif_frames/set_000/step_00021350.cif,0.19739804853640233,59.897229,12.746747,0.0,0.0,0.0,0.0,0.0
149,set_000__step_00007500,/home/jovyan/AIMD-data/enol/vdw-cal/intermediates_enol2_H_dataset/cif_frames/set_000/step_00007500.cif,0.19144358268701528,45.148099,14.500829,0.0,0.0,0.0,0.0,0.0
510,set_000__step_00025550,/home/jovyan/AIMD-data/enol/vdw-cal/intermediates_enol2_H_dataset/cif_frames/set_000/step_00025550.cif,0.19121841381035778,60.390242,12.304429,0.0,0.0,0.0,0.0,0.0
401,set_000__step_00020100,/home/jovyan/AIMD-data/enol/vdw-cal/intermediates_enol2_H_dataset/cif_frames/set_000/step_00020100.cif,0.17690768076057045,60.172808,12.146006,0.0,0.0,0.0,0.0,0.0
391,set_000__step_00019600,/home/jovyan/AIMD-data/enol/vdw-cal/intermediates_enol2_H_dataset/cif_frames/set_000/step_00019600.cif,0.17533149862396796,63.124663,11.662601,0.0,0.0,0.0,0.0,0.0
568,set_000__step_00028450,/home/jovyan/AIMD-data/enol/vdw-cal/intermediates_enol2_H_dataset/cif_frames/set_000/step_00028450.cif,0.16574931198398798,59.384937,11.617703,0.0,0.0,0.0,0.0,0.0
413,set_000__step_00020700,/home/jovyan/AIMD-data/enol/vdw-cal/intermediates_enol2_H_dataset/cif_frames/set_000/step_00020700.cif,0.15584188141105831,61.739896,11.231685,0.0,0.0,0.0,0.0,0.0
133,set_000__step_00006700,/home/jovyan/AIMD-data/enol/vdw-cal/intermediates_enol2_H_dataset/cif_frames/set_000/step_00006700.cif,0.1542156617463097,40.039614,13.374404,0.0,0.0,0.0,0.0,0.0
104,set_000__step_00005250,/home/jovyan/AIMD-data/enol/vdw-cal/intermediates_enol2_H_dataset/cif_frames/set_000/step_00005250.cif,0.15216412309231928,35.740843,13.511123,0.0,0.0,0.0,0.0,0.0
295,set_000__step_00014800,/home/jovyan/AIMD-data/enol/vdw-cal/intermediates_enol2_H_dataset/cif_frames/set_000/step_00014800.cif,0.1501876407305479,52.982352,12.252803,0.0,0.0,0.0,0.0,0.0
38,set_000__step_00001950,/home/jovyan/AIMD-data/enol/vdw-cal/intermediates_enol2_H_dataset/cif_frames/set_000/step_00001950.cif,0.13857893420065048,25.572885,13.5166,0.0,0.0,0.0,0.0,0.0
244,set_000__step_00012250,/home/jovyan/AIMD-data/enol/vdw-cal/intermediates_enol2_H_dataset/cif_frames/set_000/step_00012250.cif,0.12464348261195898,49.05003,11.872887,0.0,0.0,0.0,0.0,0.0
21,set_000__step_00001100,/home/jovyan/AIMD-data/enol/vdw-cal/intermediates_enol2_H_dataset/cif_frames/set_000/step_00001100.cif,0.11888916687515638,21.631691,12.99899,0.0,0.0,0.0,0.0,0.0
77,set_000__step_00003900,/home/jovyan/AIMD-data/enol/vdw-cal/intermediates_enol2_H_dataset/cif_frames/set_000/step_00003900.cif,0.11561170878158619,34.13368,12.531112,0.0,0.0,0.0,0.0,0.0
224,set_000__step_00011250,/home/jovyan/AIMD-data/enol/vdw-cal/intermediates_enol2_H_dataset/cif_frames/set_000/step_00011250.cif,0.10813109832374279,48.438224,11.505071,0.0,0.0,0.0,0.0,0.0
364,set_000__step_00018250,/home/jovyan/AIMD-data/enol/vdw-cal/intermediates_enol2_H_dataset/cif_frames/set_000/step_00018250.cif,0.10460345258944209,52.429055,10.809887,0.0,0.0,0.0,0.0,0.0
170,set_000__step_00008550,/home/jovyan/AIMD-data/enol/vdw-cal/intermediates_enol2_H_dataset/cif_frames/set_000/step_00008550.cif,0.10207655741806354,42.135556,11.709243,0.0,0.0,0.0,0.0,0.0
208,set_000__step_00010450,/home/jovyan/AIMD-data/enol/vdw-cal/intermediates_enol2_H_dataset/cif_frames/set_000/step_00010450.cif,0.08864148111083313,49.364279,10.89559,0.0,0.0,0.0,0.0,0.0
