frame_index,frame_label,previous_frame_label,interface_event_count,"events(interface_type,event_type,atom_i,atom_j,group_i,group_j,symbol_i,symbol_j,pair,distance_broken,distance_formed)"
1,set_000__step_00000100,set_000__step_00000050,0,
2,set_000__step_00000150,set_000__step_00000100,0,
3,set_000__step_00000200,set_000__step_00000150,2,"{organic-surface,formed,499,982,surface,organic,O,H,H-O,,1.247340} {water-surface,formed,853,1015,surface,water,Zn,O,O-Zn,,1.993103}"
4,set_000__step_00000250,set_000__step_00000200,0,
5,set_000__step_00000300,set_000__step_00000250,1,"{water-surface,broken,853,1015,surface,water,Zn,O,O-Zn,1.976112,}"
6,set_000__step_00000350,set_000__step_00000300,1,"{organic-surface,formed,153,991,surface,organic,Zn,O,O-Zn,,2.143715}"
7,set_000__step_00000400,set_000__step_00000350,0,
8,set_000__step_00000450,set_000__step_00000400,0,
9,set_000__step_00000500,set_000__step_00000450,0,
10,set_000__step_00000550,set_000__step_00000500,0,
11,set_000__step_00000600,set_000__step_00000550,2,"{water-surface,formed,628,1018,surface,water,Zn,O,O-Zn,,1.778832} {water-surface,formed,853,1015,surface,water,Zn,O,O-Zn,,1.938404}"
12,set_000__step_00000650,set_000__step_00000600,0,
13,set_000__step_00000700,set_000__step_00000650,2,"{water-surface,broken,628,1018,surface,water,Zn,O,O-Zn,2.112937,} {water-surface,broken,853,1015,surface,water,Zn,O,O-Zn,2.005074,}"
14,set_000__step_00000750,set_000__step_00000700,1,"{water-surface,formed,594,1019,surface,water,O,H,H-O,,1.166747}"
15,set_000__step_00000800,set_000__step_00000750,2,"{water-surface,formed,628,1018,surface,water,Zn,O,O-Zn,,2.142457} {water-surface,broken,594,1019,surface,water,O,H,H-O,1.166747,}"
16,set_000__step_00000850,set_000__step_00000800,0,
17,set_000__step_00000900,set_000__step_00000850,0,
18,set_000__step_00000950,set_000__step_00000900,2,"{water-surface,formed,853,1015,surface,water,Zn,O,O-Zn,,1.962918} {water-surface,broken,628,1018,surface,water,Zn,O,O-Zn,2.125981,}"
19,set_000__step_00001000,set_000__step_00000950,0,
20,set_000__step_00001050,set_000__step_00001000,2,"{water-surface,formed,628,1018,surface,water,Zn,O,O-Zn,,2.182045} {water-surface,broken,853,1015,surface,water,Zn,O,O-Zn,2.119106,}"
21,set_000__step_00001100,set_000__step_00001050,1,"{water-surface,formed,148,1006,surface,water,Zn,O,O-Zn,,2.190680}"
22,set_000__step_00001150,set_000__step_00001100,0,
23,set_000__step_00001200,set_000__step_00001150,3,"{water-surface,formed,408,1039,surface,water,Zn,O,O-Zn,,1.984928} {water-surface,formed,853,1015,surface,water,Zn,O,O-Zn,,1.999574} {water-surface,broken,628,1018,surface,water,Zn,O,O-Zn,2.055577,}"
24,set_000__step_00001250,set_000__step_00001200,2,"{water-surface,formed,819,1017,surface,water,O,H,H-O,,1.081622} {water-surface,broken,148,1006,surface,water,Zn,O,O-Zn,2.187300,}"
25,set_000__step_00001300,set_000__step_00001250,2,"{water-surface,formed,628,1018,surface,water,Zn,O,O-Zn,,2.140741} {water-surface,broken,408,1039,surface,water,Zn,O,O-Zn,2.166690,}"
26,set_000__step_00001350,set_000__step_00001300,0,
27,set_000__step_00001400,set_000__step_00001350,1,"{water-surface,formed,594,1019,surface,water,O,H,H-O,,1.092529}"
28,set_000__step_00001450,set_000__step_00001400,2,"{water-surface,broken,594,1019,surface,water,O,H,H-O,1.092529,} {water-surface,broken,628,1018,surface,water,Zn,O,O-Zn,2.098900,}"
29,set_000__step_00001500,set_000__step_00001450,2,"{water-surface,formed,148,1006,surface,water,Zn,O,O-Zn,,1.907306} {water-surface,formed,628,1018,surface,water,Zn,O,O-Zn,,2.133071}"
30,set_000__step_00001550,set_000__step_00001500,2,"{water-surface,formed,408,1039,surface,water,Zn,O,O-Zn,,2.053128} {organic-surface,broken,153,991,surface,organic,Zn,O,O-Zn,2.140127,}"
31,set_000__step_00001600,set_000__step_00001550,3,"{organic-surface,formed,153,991,surface,organic,Zn,O,O-Zn,,2.167014} {water-surface,broken,148,1006,surface,water,Zn,O,O-Zn,2.037311,} {water-surface,broken,819,1017,surface,water,O,H,H-O,1.068507,}"
32,set_000__step_00001650,set_000__step_00001600,3,"{water-surface,broken,408,1039,surface,water,Zn,O,O-Zn,2.143726,} {water-surface,broken,628,1018,surface,water,Zn,O,O-Zn,2.105286,} {water-surface,broken,853,1015,surface,water,Zn,O,O-Zn,2.099884,}"
33,set_000__step_00001700,set_000__step_00001650,0,
34,set_000__step_00001750,set_000__step_00001700,0,
35,set_000__step_00001800,set_000__step_00001750,2,"{water-surface,formed,628,1018,surface,water,Zn,O,O-Zn,,2.061705} {water-surface,formed,853,1015,surface,water,Zn,O,O-Zn,,2.046431}"
36,set_000__step_00001850,set_000__step_00001800,2,"{water-surface,formed,148,1006,surface,water,Zn,O,O-Zn,,2.036682} {organic-surface,broken,153,991,surface,organic,Zn,O,O-Zn,2.080776,}"
37,set_000__step_00001900,set_000__step_00001850,3,"{water-surface,formed,408,1039,surface,water,Zn,O,O-Zn,,2.029858} {water-surface,formed,594,1019,surface,water,O,H,H-O,,1.039658} {water-surface,broken,853,1015,surface,water,Zn,O,O-Zn,2.112042,}"
38,set_000__step_00001950,set_000__step_00001900,2,"{organic-surface,formed,153,991,surface,organic,Zn,O,O-Zn,,2.072679} {water-surface,broken,148,1006,surface,water,Zn,O,O-Zn,1.918989,}"
39,set_000__step_00002000,set_000__step_00001950,1,"{water-surface,broken,594,1019,surface,water,O,H,H-O,1.081068,}"
40,set_000__step_00002050,set_000__step_00002000,1,"{water-surface,formed,594,1019,surface,water,O,H,H-O,,1.018475}"
41,set_000__step_00002100,set_000__step_00002050,3,"{water-surface,formed,134,1041,surface,water,O,H,H-O,,1.249041} {water-surface,formed,148,1006,surface,water,Zn,O,O-Zn,,2.161239} {water-surface,formed,853,1015,surface,water,Zn,O,O-Zn,,2.060065}"
42,set_000__step_00002150,set_000__step_00002100,2,"{organic-surface,formed,493,981,surface,organic,Zn,O,O-Zn,,1.959866} {organic-surface,broken,153,991,surface,organic,Zn,O,O-Zn,2.084562,}"
43,set_000__step_00002200,set_000__step_00002150,1,"{water-surface,broken,853,1015,surface,water,Zn,O,O-Zn,2.025721,}"
44,set_000__step_00002250,set_000__step_00002200,1,"{water-surface,broken,148,1006,surface,water,Zn,O,O-Zn,2.186239,}"
45,set_000__step_00002300,set_000__step_00002250,2,"{organic-surface,formed,153,991,surface,organic,Zn,O,O-Zn,,1.980114} {water-surface,broken,134,1041,surface,water,O,H,H-O,1.015629,}"
46,set_000__step_00002350,set_000__step_00002300,1,"{water-surface,formed,134,1041,surface,water,O,H,H-O,,1.125546}"
47,set_000__step_00002400,set_000__step_00002350,3,"{water-surface,formed,853,1015,surface,water,Zn,O,O-Zn,,2.042894} {water-surface,broken,134,1041,surface,water,O,H,H-O,1.125546,} {water-surface,broken,594,1019,surface,water,O,H,H-O,1.069751,}"
48,set_000__step_00002450,set_000__step_00002400,1,"{water-surface,formed,148,1006,surface,water,Zn,O,O-Zn,,1.881859}"
49,set_000__step_00002500,set_000__step_00002450,2,"{water-surface,formed,134,1041,surface,water,O,H,H-O,,0.987755} {organic-surface,broken,153,991,surface,organic,Zn,O,O-Zn,2.156942,}"
50,set_000__step_00002550,set_000__step_00002500,3,"{water-surface,broken,148,1006,surface,water,Zn,O,O-Zn,2.052233,} {water-surface,broken,628,1018,surface,water,Zn,O,O-Zn,2.195363,} {water-surface,broken,853,1015,surface,water,Zn,O,O-Zn,2.192130,}"
51,set_000__step_00002600,set_000__step_00002550,3,"{water-surface,formed,114,1008,surface,water,O,H,H-O,,1.205938} {water-surface,formed,148,1006,surface,water,Zn,O,O-Zn,,2.195487} {water-surface,broken,134,1041,surface,water,O,H,H-O,1.165944,}"
52,set_000__step_00002650,set_000__step_00002600,1,"{water-surface,formed,628,1018,surface,water,Zn,O,O-Zn,,2.178832}"
53,set_000__step_00002700,set_000__step_00002650,3,"{water-surface,formed,134,1041,surface,water,O,H,H-O,,1.077366} {organic-surface,formed,153,991,surface,organic,Zn,O,O-Zn,,1.984114} {water-surface,formed,853,1015,surface,water,Zn,O,O-Zn,,2.037651}"
54,set_000__step_00002750,set_000__step_00002700,1,"{water-surface,broken,134,1041,surface,water,O,H,H-O,1.077366,}"
55,set_000__step_00002800,set_000__step_00002750,3,"{water-surface,formed,134,1041,surface,water,O,H,H-O,,1.067471} {water-surface,formed,819,1017,surface,water,O,H,H-O,,1.062836} {water-surface,broken,628,1018,surface,water,Zn,O,O-Zn,2.145613,}"
56,set_000__step_00002850,set_000__step_00002800,1,"{water-surface,broken,819,1017,surface,water,O,H,H-O,1.062836,}"
57,set_000__step_00002900,set_000__step_00002850,4,"{water-surface,formed,628,1018,surface,water,Zn,O,O-Zn,,2.069587} {water-surface,formed,819,1017,surface,water,O,H,H-O,,1.110964} {organic-surface,broken,153,991,surface,organic,Zn,O,O-Zn,2.001232,} {organic-surface,broken,493,981,surface,organic,Zn,O,O-Zn,2.154121,}"
58,set_000__step_00002950,set_000__step_00002900,1,"{water-surface,broken,134,1041,surface,water,O,H,H-O,0.988978,}"
59,set_000__step_00003000,set_000__step_00002950,3,"{organic-surface,formed,153,991,surface,organic,Zn,O,O-Zn,,2.120129} {organic-surface,formed,493,981,surface,organic,Zn,O,O-Zn,,1.913764} {water-surface,broken,819,1017,surface,water,O,H,H-O,1.038781,}"
60,set_000__step_00003050,set_000__step_00003000,1,"{water-surface,formed,819,1017,surface,water,O,H,H-O,,1.168447}"
61,set_000__step_00003100,set_000__step_00003050,4,"{water-surface,broken,114,1008,surface,water,O,H,H-O,1.192386,} {water-surface,broken,408,1039,surface,water,Zn,O,O-Zn,2.041979,} {organic-surface,broken,493,981,surface,organic,Zn,O,O-Zn,1.924425,} {water-surface,broken,819,1017,surface,water,O,H,H-O,1.168447,}"
62,set_000__step_00003150,set_000__step_00003100,0,
63,set_000__step_00003200,set_000__step_00003150,5,"{organic-surface,formed,493,981,surface,organic,Zn,O,O-Zn,,2.041611} {water-surface,broken,148,1006,surface,water,Zn,O,O-Zn,2.161795,} {organic-surface,broken,153,991,surface,organic,Zn,O,O-Zn,2.100996,} {water-surface,broken,628,1018,surface,water,Zn,O,O-Zn,2.180351,} {water-surface,broken,853,1015,surface,water,Zn,O,O-Zn,2.080545,}"
64,set_000__step_00003250,set_000__step_00003200,3,"{water-surface,formed,148,1006,surface,water,Zn,O,O-Zn,,2.162782} {organic-surface,formed,153,991,surface,organic,Zn,O,O-Zn,,2.037492} {water-surface,formed,408,1039,surface,water,Zn,O,O-Zn,,2.182546}"
65,set_000__step_00003300,set_000__step_00003250,1,"{water-surface,formed,628,1018,surface,water,Zn,O,O-Zn,,2.183962}"
66,set_000__step_00003350,set_000__step_00003300,2,"{water-surface,formed,853,1015,surface,water,Zn,O,O-Zn,,1.971351} {organic-surface,broken,493,981,surface,organic,Zn,O,O-Zn,2.142728,}"
67,set_000__step_00003400,set_000__step_00003350,3,"{water-surface,formed,448,1051,surface,water,Zn,O,O-Zn,,1.974611} {organic-surface,formed,493,981,surface,organic,Zn,O,O-Zn,,1.862579} {water-surface,broken,408,1039,surface,water,Zn,O,O-Zn,2.158680,}"
68,set_000__step_00003450,set_000__step_00003400,3,"{organic-surface,broken,153,991,surface,organic,Zn,O,O-Zn,2.064247,} {water-surface,broken,628,1018,surface,water,Zn,O,O-Zn,2.077495,} {water-surface,broken,853,1015,surface,water,Zn,O,O-Zn,2.102451,}"
69,set_000__step_00003500,set_000__step_00003450,2,"{water-surface,formed,114,1008,surface,water,O,H,H-O,,1.048634} {water-surface,broken,448,1051,surface,water,Zn,O,O-Zn,2.139581,}"
70,set_000__step_00003550,set_000__step_00003500,4,"{organic-surface,formed,153,991,surface,organic,Zn,O,O-Zn,,2.194124} {water-surface,formed,408,1039,surface,water,Zn,O,O-Zn,,2.061362} {water-surface,formed,628,1018,surface,water,Zn,O,O-Zn,,2.140916} {water-surface,formed,853,1015,surface,water,Zn,O,O-Zn,,2.103284}"
71,set_000__step_00003600,set_000__step_00003550,0,
72,set_000__step_00003650,set_000__step_00003600,0,
73,set_000__step_00003700,set_000__step_00003650,4,"{water-surface,formed,448,1051,surface,water,Zn,O,O-Zn,,2.059028} {water-surface,broken,408,1039,surface,water,Zn,O,O-Zn,2.194300,} {water-surface,broken,628,1018,surface,water,Zn,O,O-Zn,1.976964,} {water-surface,broken,853,1015,surface,water,Zn,O,O-Zn,2.157353,}"
74,set_000__step_00003750,set_000__step_00003700,1,"{water-surface,formed,414,1053,surface,water,O,H,H-O,,1.235412}"
75,set_000__step_00003800,set_000__step_00003750,4,"{water-surface,formed,134,1041,surface,water,O,H,H-O,,1.173635} {water-surface,formed,628,1018,surface,water,Zn,O,O-Zn,,2.174928} {water-surface,formed,853,1015,surface,water,Zn,O,O-Zn,,2.095093} {water-surface,broken,414,1053,surface,water,O,H,H-O,1.235412,}"
76,set_000__step_00003850,set_000__step_00003800,1,"{water-surface,formed,408,1039,surface,water,Zn,O,O-Zn,,1.866519}"
77,set_000__step_00003900,set_000__step_00003850,0,
78,set_000__step_00003950,set_000__step_00003900,3,"{water-surface,formed,414,1053,surface,water,O,H,H-O,,1.080140} {water-surface,broken,134,1041,surface,water,O,H,H-O,1.152333,} {water-surface,broken,628,1018,surface,water,Zn,O,O-Zn,2.070844,}"
79,set_000__step_00004000,set_000__step_00003950,2,"{water-surface,broken,414,1053,surface,water,O,H,H-O,1.080140,} {water-surface,broken,853,1015,surface,water,Zn,O,O-Zn,2.169348,}"
80,set_000__step_00004050,set_000__step_00004000,3,"{water-surface,formed,134,1041,surface,water,O,H,H-O,,1.219260} {water-surface,formed,414,1053,surface,water,O,H,H-O,,1.080270} {water-surface,broken,148,1006,surface,water,Zn,O,O-Zn,2.020943,}"
81,set_000__step_00004100,set_000__step_00004050,4,"{water-surface,formed,628,1018,surface,water,Zn,O,O-Zn,,1.943159} {water-surface,formed,853,1015,surface,water,Zn,O,O-Zn,,2.193195} {water-surface,broken,114,1008,surface,water,O,H,H-O,1.245250,} {water-surface,broken,414,1053,surface,water,O,H,H-O,1.080270,}"
82,set_000__step_00004150,set_000__step_00004100,0,
83,set_000__step_00004200,set_000__step_00004150,3,"{water-surface,formed,148,1006,surface,water,Zn,O,O-Zn,,2.063485} {water-surface,broken,134,1041,surface,water,O,H,H-O,1.223972,} {water-surface,broken,628,1018,surface,water,Zn,O,O-Zn,1.987175,}"
84,set_000__step_00004250,set_000__step_00004200,1,"{water-surface,broken,408,1039,surface,water,Zn,O,O-Zn,2.197973,}"
85,set_000__step_00004300,set_000__step_00004250,3,"{water-surface,formed,408,1039,surface,water,Zn,O,O-Zn,,2.081759} {water-surface,formed,628,1018,surface,water,Zn,O,O-Zn,,2.072214} {water-surface,broken,853,1015,surface,water,Zn,O,O-Zn,2.180593,}"
86,set_000__step_00004350,set_000__step_00004300,2,"{water-surface,broken,148,1006,surface,water,Zn,O,O-Zn,2.155196,} {organic-surface,broken,493,981,surface,organic,Zn,O,O-Zn,2.148284,}"
87,set_000__step_00004400,set_000__step_00004350,3,"{water-surface,formed,148,1006,surface,water,Zn,O,O-Zn,,2.088629} {water-surface,formed,414,1053,surface,water,O,H,H-O,,1.085846} {water-surface,formed,853,1015,surface,water,Zn,O,O-Zn,,2.090374}"
88,set_000__step_00004450,set_000__step_00004400,3,"{water-surface,formed,114,1008,surface,water,O,H,H-O,,1.073908} {organic-surface,formed,493,981,surface,organic,Zn,O,O-Zn,,1.875407} {water-surface,broken,628,1018,surface,water,Zn,O,O-Zn,2.070613,}"
89,set_000__step_00004500,set_000__step_00004450,0,
90,set_000__step_00004550,set_000__step_00004500,1,"{water-surface,broken,114,1008,surface,water,O,H,H-O,0.963027,}"
91,set_000__step_00004600,set_000__step_00004550,1,"{water-surface,formed,628,1018,surface,water,Zn,O,O-Zn,,2.002181}"
92,set_000__step_00004650,set_000__step_00004600,3,"{water-surface,formed,114,1008,surface,water,O,H,H-O,,1.233036} {organic-surface,broken,153,991,surface,organic,Zn,O,O-Zn,2.076907,} {water-surface,broken,853,1015,surface,water,Zn,O,O-Zn,2.152216,}"
93,set_000__step_00004700,set_000__step_00004650,4,"{water-surface,formed,134,1041,surface,water,O,H,H-O,,1.190454} {organic-surface,formed,153,991,surface,organic,Zn,O,O-Zn,,2.196100} {water-surface,formed,853,1015,surface,water,Zn,O,O-Zn,,2.122392} {water-surface,broken,628,1018,surface,water,Zn,O,O-Zn,2.021755,}"
94,set_000__step_00004750,set_000__step_00004700,1,"{water-surface,broken,134,1041,surface,water,O,H,H-O,1.190454,}"
95,set_000__step_00004800,set_000__step_00004750,3,"{water-surface,formed,134,1041,surface,water,O,H,H-O,,1.199612} {water-surface,formed,628,1018,surface,water,Zn,O,O-Zn,,2.108077} {water-surface,broken,414,1053,surface,water,O,H,H-O,1.194103,}"
96,set_000__step_00004850,set_000__step_00004800,1,"{water-surface,broken,114,1008,surface,water,O,H,H-O,1.112361,}"
97,set_000__step_00004900,set_000__step_00004850,1,"{water-surface,broken,853,1015,surface,water,Zn,O,O-Zn,2.175422,}"
98,set_000__step_00004950,set_000__step_00004900,2,"{water-surface,broken,134,1041,surface,water,O,H,H-O,1.242501,} {organic-surface,broken,153,991,surface,organic,Zn,O,O-Zn,2.043544,}"
99,set_000__step_00005000,set_000__step_00004950,3,"{water-surface,formed,114,1008,surface,water,O,H,H-O,,1.096396} {organic-surface,formed,153,991,surface,organic,Zn,O,O-Zn,,1.930580} {water-surface,formed,853,1015,surface,water,Zn,O,O-Zn,,2.086007}"
100,set_000__step_00005050,set_000__step_00005000,2,"{water-surface,broken,114,1008,surface,water,O,H,H-O,1.096396,} {water-surface,broken,448,1051,surface,water,Zn,O,O-Zn,2.152686,}"
101,set_000__step_00005100,set_000__step_00005050,2,"{water-surface,formed,134,1041,surface,water,O,H,H-O,,1.039973} {water-surface,formed,733,1033,surface,water,Zn,O,O-Zn,,1.922708}"
102,set_000__step_00005150,set_000__step_00005100,2,"{water-surface,formed,448,1051,surface,water,Zn,O,O-Zn,,2.147395} {water-surface,broken,148,1006,surface,water,Zn,O,O-Zn,2.179978,}"
103,set_000__step_00005200,set_000__step_00005150,4,"{water-surface,formed,148,1006,surface,water,Zn,O,O-Zn,,2.146191} {water-surface,broken,134,1041,surface,water,O,H,H-O,1.241888,} {water-surface,broken,408,1039,surface,water,Zn,O,O-Zn,2.118091,} {water-surface,broken,733,1033,surface,water,Zn,O,O-Zn,2.117735,}"
104,set_000__step_00005250,set_000__step_00005200,1,"{water-surface,formed,408,1039,surface,water,Zn,O,O-Zn,,2.150163}"
105,set_000__step_00005300,set_000__step_00005250,1,"{water-surface,formed,414,1053,surface,water,O,H,H-O,,1.133506}"
106,set_000__step_00005350,set_000__step_00005300,2,"{water-surface,formed,733,1033,surface,water,Zn,O,O-Zn,,2.157501} {water-surface,broken,414,1053,surface,water,O,H,H-O,1.133506,}"
107,set_000__step_00005400,set_000__step_00005350,0,
108,set_000__step_00005450,set_000__step_00005400,2,"{water-surface,formed,114,1008,surface,water,O,H,H-O,,1.024872} {water-surface,broken,448,1051,surface,water,Zn,O,O-Zn,2.116713,}"
109,set_000__step_00005500,set_000__step_00005450,2,"{water-surface,broken,408,1039,surface,water,Zn,O,O-Zn,2.162397,} {water-surface,broken,733,1033,surface,water,Zn,O,O-Zn,2.075297,}"
110,set_000__step_00005550,set_000__step_00005500,3,"{water-surface,formed,408,1039,surface,water,Zn,O,O-Zn,,2.153305} {water-surface,formed,448,1051,surface,water,Zn,O,O-Zn,,2.076914} {water-surface,broken,114,1008,surface,water,O,H,H-O,1.158255,}"
111,set_000__step_00005600,set_000__step_00005550,1,"{water-surface,formed,733,1033,surface,water,Zn,O,O-Zn,,2.101952}"
112,set_000__step_00005650,set_000__step_00005600,3,"{water-surface,formed,414,1053,surface,water,O,H,H-O,,1.066641} {water-surface,broken,148,1006,surface,water,Zn,O,O-Zn,2.176126,} {water-surface,broken,628,1018,surface,water,Zn,O,O-Zn,2.034597,}"
113,set_000__step_00005700,set_000__step_00005650,3,"{water-surface,formed,148,1006,surface,water,Zn,O,O-Zn,,2.058122} {water-surface,broken,408,1039,surface,water,Zn,O,O-Zn,2.095315,} {water-surface,broken,414,1053,surface,water,O,H,H-O,1.066641,}"
114,set_000__step_00005750,set_000__step_00005700,2,"{water-surface,formed,414,1053,surface,water,O,H,H-O,,1.025334} {water-surface,broken,733,1033,surface,water,Zn,O,O-Zn,2.131403,}"
115,set_000__step_00005800,set_000__step_00005750,2,"{water-surface,formed,408,1039,surface,water,Zn,O,O-Zn,,2.005920} {water-surface,formed,628,1018,surface,water,Zn,O,O-Zn,,2.090807}"
116,set_000__step_00005850,set_000__step_00005800,1,"{water-surface,broken,148,1006,surface,water,Zn,O,O-Zn,2.090559,}"
117,set_000__step_00005900,set_000__step_00005850,2,"{water-surface,formed,733,1033,surface,water,Zn,O,O-Zn,,1.889642} {water-surface,broken,628,1018,surface,water,Zn,O,O-Zn,2.014146,}"
118,set_000__step_00005950,set_000__step_00005900,3,"{water-surface,formed,148,1006,surface,water,Zn,O,O-Zn,,2.166760} {water-surface,formed,459,1035,surface,water,O,H,H-O,,1.030354} {water-surface,broken,408,1039,surface,water,Zn,O,O-Zn,2.198021,}"
119,set_000__step_00006000,set_000__step_00005950,1,"{water-surface,formed,408,1039,surface,water,Zn,O,O-Zn,,2.021304}"
120,set_000__step_00006050,set_000__step_00006000,3,"{water-surface,formed,134,1041,surface,water,O,H,H-O,,1.049982} {water-surface,formed,628,1018,surface,water,Zn,O,O-Zn,,2.123957} {water-surface,broken,853,1015,surface,water,Zn,O,O-Zn,2.113255,}"
121,set_000__step_00006100,set_000__step_00006050,4,"{water-surface,formed,594,1019,surface,water,O,H,H-O,,1.125759} {water-surface,formed,853,1015,surface,water,Zn,O,O-Zn,,2.140024} {water-surface,broken,148,1006,surface,water,Zn,O,O-Zn,2.131305,} {organic-surface,broken,493,981,surface,organic,Zn,O,O-Zn,2.167250,}"
122,set_000__step_00006150,set_000__step_00006100,3,"{water-surface,formed,148,1006,surface,water,Zn,O,O-Zn,,2.130259} {organic-surface,formed,493,981,surface,organic,Zn,O,O-Zn,,2.198529} {water-surface,broken,134,1041,surface,water,O,H,H-O,0.983734,}"
123,set_000__step_00006200,set_000__step_00006150,1,"{water-surface,broken,594,1019,surface,water,O,H,H-O,1.184933,}"
124,set_000__step_00006250,set_000__step_00006200,0,
125,set_000__step_00006300,set_000__step_00006250,4,"{water-surface,formed,134,1041,surface,water,O,H,H-O,,1.238654} {water-surface,broken,408,1039,surface,water,Zn,O,O-Zn,2.120457,} {water-surface,broken,459,1035,surface,water,O,H,H-O,1.100115,} {water-surface,broken,733,1033,surface,water,Zn,O,O-Zn,1.958119,}"
126,set_000__step_00006350,set_000__step_00006300,3,"{water-surface,formed,408,1039,surface,water,Zn,O,O-Zn,,2.141458} {water-surface,broken,134,1041,surface,water,O,H,H-O,1.238654,} {organic-surface,broken,493,981,surface,organic,Zn,O,O-Zn,2.065524,}"
127,set_000__step_00006400,set_000__step_00006350,1,"{organic-surface,formed,493,981,surface,organic,Zn,O,O-Zn,,2.162992}"
128,set_000__step_00006450,set_000__step_00006400,2,"{water-surface,formed,733,1033,surface,water,Zn,O,O-Zn,,2.073576} {water-surface,broken,414,1053,surface,water,O,H,H-O,1.083435,}"
129,set_000__step_00006500,set_000__step_00006450,2,"{water-surface,broken,408,1039,surface,water,Zn,O,O-Zn,2.089928,} {organic-surface,broken,493,981,surface,organic,Zn,O,O-Zn,2.062250,}"
130,set_000__step_00006550,set_000__step_00006500,5,"{water-surface,formed,114,1008,surface,water,O,H,H-O,,1.202404} {water-surface,formed,408,1039,surface,water,Zn,O,O-Zn,,2.166679} {organic-surface,formed,493,981,surface,organic,Zn,O,O-Zn,,2.123340} {water-surface,broken,628,1018,surface,water,Zn,O,O-Zn,2.175815,} {water-surface,broken,733,1033,surface,water,Zn,O,O-Zn,1.895533,}"
131,set_000__step_00006600,set_000__step_00006550,2,"{water-surface,formed,628,1018,surface,water,Zn,O,O-Zn,,2.173975} {water-surface,broken,448,1051,surface,water,Zn,O,O-Zn,2.106799,}"
132,set_000__step_00006650,set_000__step_00006600,3,"{water-surface,formed,134,1041,surface,water,O,H,H-O,,1.084251} {water-surface,formed,448,1051,surface,water,Zn,O,O-Zn,,2.121376} {water-surface,broken,114,1008,surface,water,O,H,H-O,1.190791,}"
133,set_000__step_00006700,set_000__step_00006650,1,"{water-surface,formed,114,1008,surface,water,O,H,H-O,,0.995586}"
134,set_000__step_00006750,set_000__step_00006700,2,"{water-surface,formed,733,1033,surface,water,Zn,O,O-Zn,,1.936366} {water-surface,broken,114,1008,surface,water,O,H,H-O,0.995586,}"
135,set_000__step_00006800,set_000__step_00006750,0,
136,set_000__step_00006850,set_000__step_00006800,2,"{water-surface,formed,459,1035,surface,water,O,H,H-O,,1.041058} {water-surface,broken,134,1041,surface,water,O,H,H-O,1.218102,}"
137,set_000__step_00006900,set_000__step_00006850,2,"{water-surface,formed,134,1041,surface,water,O,H,H-O,,1.247015} {water-surface,broken,408,1039,surface,water,Zn,O,O-Zn,2.115665,}"
138,set_000__step_00006950,set_000__step_00006900,2,"{water-surface,formed,408,1039,surface,water,Zn,O,O-Zn,,2.007951} {water-surface,broken,134,1041,surface,water,O,H,H-O,1.247015,}"
139,set_000__step_00007000,set_000__step_00006950,0,
140,set_000__step_00007050,set_000__step_00007000,0,
141,set_000__step_00007100,set_000__step_00007050,1,"{water-surface,broken,408,1039,surface,water,Zn,O,O-Zn,2.174245,}"
142,set_000__step_00007150,set_000__step_00007100,2,"{water-surface,formed,408,1039,surface,water,Zn,O,O-Zn,,2.198371} {water-surface,broken,628,1018,surface,water,Zn,O,O-Zn,2.057759,}"
143,set_000__step_00007200,set_000__step_00007150,0,
144,set_000__step_00007250,set_000__step_00007200,1,"{water-surface,formed,628,1018,surface,water,Zn,O,O-Zn,,2.151176}"
145,set_000__step_00007300,set_000__step_00007250,1,"{water-surface,broken,408,1039,surface,water,Zn,O,O-Zn,2.102528,}"
146,set_000__step_00007350,set_000__step_00007300,1,"{water-surface,formed,414,1053,surface,water,O,H,H-O,,1.153371}"
147,set_000__step_00007400,set_000__step_00007350,1,"{water-surface,formed,408,1039,surface,water,Zn,O,O-Zn,,2.008236}"
148,set_000__step_00007450,set_000__step_00007400,4,"{water-surface,formed,114,1008,surface,water,O,H,H-O,,1.163278} {water-surface,formed,134,1041,surface,water,O,H,H-O,,1.095264} {water-surface,broken,628,1018,surface,water,Zn,O,O-Zn,2.119736,} {water-surface,broken,853,1015,surface,water,Zn,O,O-Zn,2.090688,}"
149,set_000__step_00007500,set_000__step_00007450,5,"{water-surface,formed,13,1054,surface,water,Zn,O,O-Zn,,2.147424} {water-surface,formed,628,1018,surface,water,Zn,O,O-Zn,,2.189612} {water-surface,broken,114,1008,surface,water,O,H,H-O,1.163278,} {water-surface,broken,134,1041,surface,water,O,H,H-O,1.095264,} {water-surface,broken,459,1035,surface,water,O,H,H-O,0.920764,}"
150,set_000__step_00007550,set_000__step_00007500,0,
151,set_000__step_00007600,set_000__step_00007550,3,"{water-surface,formed,459,1035,surface,water,O,H,H-O,,1.099950} {water-surface,formed,853,1015,surface,water,Zn,O,O-Zn,,2.139466} {water-surface,broken,13,1054,surface,water,Zn,O,O-Zn,1.864508,}"
152,set_000__step_00007650,set_000__step_00007600,0,
153,set_000__step_00007700,set_000__step_00007650,3,"{water-surface,broken,459,1035,surface,water,O,H,H-O,1.139500,} {organic-surface,broken,493,981,surface,organic,Zn,O,O-Zn,2.115275,} {water-surface,broken,628,1018,surface,water,Zn,O,O-Zn,2.195730,}"
154,set_000__step_00007750,set_000__step_00007700,3,"{water-surface,formed,628,1018,surface,water,Zn,O,O-Zn,,2.114580} {water-surface,broken,148,1006,surface,water,Zn,O,O-Zn,2.077573,} {water-surface,broken,853,1015,surface,water,Zn,O,O-Zn,2.095114,}"
155,set_000__step_00007800,set_000__step_00007750,1,"{water-surface,formed,459,1035,surface,water,O,H,H-O,,1.043818}"
156,set_000__step_00007850,set_000__step_00007800,2,"{water-surface,formed,148,1006,surface,water,Zn,O,O-Zn,,2.063244} {water-surface,formed,853,1015,surface,water,Zn,O,O-Zn,,2.176766}"
157,set_000__step_00007900,set_000__step_00007850,1,"{water-surface,broken,628,1018,surface,water,Zn,O,O-Zn,2.157027,}"
158,set_000__step_00007950,set_000__step_00007900,2,"{water-surface,formed,13,1054,surface,water,Zn,O,O-Zn,,1.851007} {water-surface,formed,628,1018,surface,water,Zn,O,O-Zn,,2.193277}"
159,set_000__step_00008000,set_000__step_00007950,1,"{water-surface,broken,13,1054,surface,water,Zn,O,O-Zn,1.851007,}"
160,set_000__step_00008050,set_000__step_00008000,0,
161,set_000__step_00008100,set_000__step_00008050,3,"{water-surface,broken,414,1053,surface,water,O,H,H-O,1.218114,} {water-surface,broken,628,1018,surface,water,Zn,O,O-Zn,2.036161,} {water-surface,broken,853,1015,surface,water,Zn,O,O-Zn,2.179586,}"
162,set_000__step_00008150,set_000__step_00008100,1,"{water-surface,formed,853,1015,surface,water,Zn,O,O-Zn,,2.164555}"
163,set_000__step_00008200,set_000__step_00008150,2,"{water-surface,formed,628,1018,surface,water,Zn,O,O-Zn,,2.125923} {water-surface,broken,448,1051,surface,water,Zn,O,O-Zn,2.130283,}"
164,set_000__step_00008250,set_000__step_00008200,2,"{water-surface,formed,448,1051,surface,water,Zn,O,O-Zn,,2.152015} {water-surface,broken,459,1035,surface,water,O,H,H-O,1.076743,}"
165,set_000__step_00008300,set_000__step_00008250,1,"{water-surface,broken,733,1033,surface,water,Zn,O,O-Zn,2.141425,}"
166,set_000__step_00008350,set_000__step_00008300,4,"{water-surface,formed,13,1054,surface,water,Zn,O,O-Zn,,1.848099} {water-surface,formed,733,1033,surface,water,Zn,O,O-Zn,,2.132947} {water-surface,broken,148,1006,surface,water,Zn,O,O-Zn,2.125941,} {water-surface,broken,628,1018,surface,water,Zn,O,O-Zn,2.111489,}"
167,set_000__step_00008400,set_000__step_00008350,4,"{water-surface,formed,148,1006,surface,water,Zn,O,O-Zn,,2.104363} {water-surface,formed,459,1035,surface,water,O,H,H-O,,1.109250} {water-surface,formed,628,1018,surface,water,Zn,O,O-Zn,,2.198739} {water-surface,formed,699,1055,surface,water,O,H,H-O,,1.067972}"
168,set_000__step_00008450,set_000__step_00008400,1,"{water-surface,formed,114,1008,surface,water,O,H,H-O,,1.227633}"
169,set_000__step_00008500,set_000__step_00008450,2,"{water-surface,formed,134,1041,surface,water,O,H,H-O,,1.082283} {water-surface,formed,414,1053,surface,water,O,H,H-O,,1.203999}"
170,set_000__step_00008550,set_000__step_00008500,0,
171,set_000__step_00008600,set_000__step_00008550,0,
172,set_000__step_00008650,set_000__step_00008600,1,"{water-surface,broken,699,1055,surface,water,O,H,H-O,1.231457,}"
173,set_000__step_00008700,set_000__step_00008650,1,"{water-surface,formed,699,1055,surface,water,O,H,H-O,,1.125097}"
174,set_000__step_00008750,set_000__step_00008700,1,"{water-surface,broken,853,1015,surface,water,Zn,O,O-Zn,2.094408,}"
175,set_000__step_00008800,set_000__step_00008750,1,"{water-surface,broken,699,1055,surface,water,O,H,H-O,1.188307,}"
176,set_000__step_00008850,set_000__step_00008800,6,"{water-surface,formed,853,1015,surface,water,Zn,O,O-Zn,,2.034525} {water-surface,broken,13,1054,surface,water,Zn,O,O-Zn,2.066093,} {water-surface,broken,114,1008,surface,water,O,H,H-O,1.141117,} {water-surface,broken,134,1041,surface,water,O,H,H-O,1.230988,} {water-surface,broken,414,1053,surface,water,O,H,H-O,1.055994,} {water-surface,broken,628,1018,surface,water,Zn,O,O-Zn,2.102253,}"
177,set_000__step_00008900,set_000__step_00008850,1,"{water-surface,broken,408,1039,surface,water,Zn,O,O-Zn,2.081442,}"
178,set_000__step_00008950,set_000__step_00008900,4,"{water-surface,formed,408,1039,surface,water,Zn,O,O-Zn,,2.103685} {water-surface,formed,628,1018,surface,water,Zn,O,O-Zn,,2.102997} {water-surface,broken,448,1051,surface,water,Zn,O,O-Zn,2.044154,} {water-surface,broken,853,1015,surface,water,Zn,O,O-Zn,1.894201,}"
179,set_000__step_00009000,set_000__step_00008950,2,"{water-surface,formed,13,1054,surface,water,Zn,O,O-Zn,,2.008468} {water-surface,formed,448,1051,surface,water,Zn,O,O-Zn,,2.196990}"
180,set_000__step_00009050,set_000__step_00009000,0,
181,set_000__step_00009100,set_000__step_00009050,2,"{water-surface,broken,408,1039,surface,water,Zn,O,O-Zn,2.143956,} {water-surface,broken,628,1018,surface,water,Zn,O,O-Zn,2.125856,}"
182,set_000__step_00009150,set_000__step_00009100,3,"{water-surface,formed,628,1018,surface,water,Zn,O,O-Zn,,2.123138} {water-surface,formed,853,1015,surface,water,Zn,O,O-Zn,,1.918194} {water-surface,broken,13,1054,surface,water,Zn,O,O-Zn,2.183980,}"
183,set_000__step_00009200,set_000__step_00009150,1,"{water-surface,formed,408,1039,surface,water,Zn,O,O-Zn,,2.022639}"
184,set_000__step_00009250,set_000__step_00009200,2,"{water-surface,formed,13,1054,surface,water,Zn,O,O-Zn,,2.106685} {water-surface,broken,853,1015,surface,water,Zn,O,O-Zn,2.066720,}"
185,set_000__step_00009300,set_000__step_00009250,2,"{water-surface,formed,134,1041,surface,water,O,H,H-O,,1.240324} {water-surface,formed,414,1053,surface,water,O,H,H-O,,1.249473}"
186,set_000__step_00009350,set_000__step_00009300,2,"{water-surface,broken,134,1041,surface,water,O,H,H-O,1.240324,} {water-surface,broken,414,1053,surface,water,O,H,H-O,1.249473,}"
187,set_000__step_00009400,set_000__step_00009350,1,"{water-surface,broken,459,1035,surface,water,O,H,H-O,1.186103,}"
188,set_000__step_00009450,set_000__step_00009400,2,"{water-surface,formed,853,1015,surface,water,Zn,O,O-Zn,,1.894604} {water-surface,broken,448,1051,surface,water,Zn,O,O-Zn,2.160495,}"
189,set_000__step_00009500,set_000__step_00009450,2,"{water-surface,formed,448,1051,surface,water,Zn,O,O-Zn,,2.167225} {water-surface,broken,408,1039,surface,water,Zn,O,O-Zn,2.156986,}"
190,set_000__step_00009550,set_000__step_00009500,2,"{water-surface,formed,408,1039,surface,water,Zn,O,O-Zn,,2.173832} {water-surface,broken,853,1015,surface,water,Zn,O,O-Zn,2.014263,}"
191,set_000__step_00009600,set_000__step_00009550,1,"{water-surface,formed,414,1053,surface,water,O,H,H-O,,1.171747}"
192,set_000__step_00009650,set_000__step_00009600,2,"{water-surface,formed,134,1041,surface,water,O,H,H-O,,1.232945} {water-surface,broken,414,1053,surface,water,O,H,H-O,1.171747,}"
193,set_000__step_00009700,set_000__step_00009650,1,"{water-surface,broken,134,1041,surface,water,O,H,H-O,1.232945,}"
194,set_000__step_00009750,set_000__step_00009700,2,"{water-surface,formed,853,1015,surface,water,Zn,O,O-Zn,,2.010151} {water-surface,broken,408,1039,surface,water,Zn,O,O-Zn,2.161880,}"
195,set_000__step_00009800,set_000__step_00009750,2,"{water-surface,formed,408,1039,surface,water,Zn,O,O-Zn,,2.122255} {water-surface,formed,414,1053,surface,water,O,H,H-O,,1.118438}"
196,set_000__step_00009850,set_000__step_00009800,3,"{water-surface,formed,114,1008,surface,water,O,H,H-O,,1.169324} {water-surface,formed,134,1041,surface,water,O,H,H-O,,1.131566} {water-surface,broken,853,1015,surface,water,Zn,O,O-Zn,1.953533,}"
197,set_000__step_00009900,set_000__step_00009850,2,"{water-surface,formed,459,1035,surface,water,O,H,H-O,,1.008631} {water-surface,broken,114,1008,surface,water,O,H,H-O,1.169324,}"
198,set_000__step_00009950,set_000__step_00009900,0,
199,set_000__step_00010000,set_000__step_00009950,0,
200,set_000__step_00010050,set_000__step_00010000,0,
201,set_000__step_00010100,set_000__step_00010050,2,"{water-surface,formed,853,1015,surface,water,Zn,O,O-Zn,,1.962973} {water-surface,broken,414,1053,surface,water,O,H,H-O,1.203581,}"
202,set_000__step_00010150,set_000__step_00010100,0,
203,set_000__step_00010200,set_000__step_00010150,1,"{water-surface,broken,853,1015,surface,water,Zn,O,O-Zn,2.085084,}"
204,set_000__step_00010250,set_000__step_00010200,1,"{water-surface,formed,699,1055,surface,water,O,H,H-O,,1.194629}"
205,set_000__step_00010300,set_000__step_00010250,1,"{water-surface,broken,699,1055,surface,water,O,H,H-O,1.194629,}"
206,set_000__step_00010350,set_000__step_00010300,2,"{water-surface,formed,699,1055,surface,water,O,H,H-O,,1.146355} {water-surface,formed,853,1015,surface,water,Zn,O,O-Zn,,2.149459}"
207,set_000__step_00010400,set_000__step_00010350,3,"{water-surface,broken,134,1041,surface,water,O,H,H-O,1.220035,} {water-surface,broken,408,1039,surface,water,Zn,O,O-Zn,2.193652,} {water-surface,broken,699,1055,surface,water,O,H,H-O,1.146355,}"
208,set_000__step_00010450,set_000__step_00010400,3,"{water-surface,formed,408,1039,surface,water,Zn,O,O-Zn,,2.165930} {water-surface,formed,414,1053,surface,water,O,H,H-O,,1.131310} {organic-surface,broken,153,991,surface,organic,Zn,O,O-Zn,2.082149,}"
209,set_000__step_00010500,set_000__step_00010450,2,"{organic-surface,formed,153,991,surface,organic,Zn,O,O-Zn,,2.128822} {water-surface,broken,853,1015,surface,water,Zn,O,O-Zn,2.106046,}"
210,set_000__step_00010550,set_000__step_00010500,0,
211,set_000__step_00010600,set_000__step_00010550,1,"{water-surface,broken,408,1039,surface,water,Zn,O,O-Zn,2.039335,}"
212,set_000__step_00010650,set_000__step_00010600,2,"{water-surface,formed,408,1039,surface,water,Zn,O,O-Zn,,2.113179} {water-surface,formed,853,1015,surface,water,Zn,O,O-Zn,,2.090605}"
213,set_000__step_00010700,set_000__step_00010650,0,
214,set_000__step_00010750,set_000__step_00010700,1,"{water-surface,formed,819,1017,surface,water,O,H,H-O,,1.232644}"
215,set_000__step_00010800,set_000__step_00010750,2,"{water-surface,broken,408,1039,surface,water,Zn,O,O-Zn,2.135102,} {water-surface,broken,819,1017,surface,water,O,H,H-O,1.232644,}"
216,set_000__step_00010850,set_000__step_00010800,2,"{water-surface,formed,819,1017,surface,water,O,H,H-O,,1.088457} {water-surface,broken,13,1054,surface,water,Zn,O,O-Zn,2.032357,}"
217,set_000__step_00010900,set_000__step_00010850,2,"{water-surface,formed,408,1039,surface,water,Zn,O,O-Zn,,1.906495} {water-surface,broken,819,1017,surface,water,O,H,H-O,1.088457,}"
218,set_000__step_00010950,set_000__step_00010900,1,"{water-surface,formed,13,1054,surface,water,Zn,O,O-Zn,,2.077847}"
219,set_000__step_00011000,set_000__step_00010950,2,"{water-surface,broken,408,1039,surface,water,Zn,O,O-Zn,2.000803,} {water-surface,broken,853,1015,surface,water,Zn,O,O-Zn,2.153536,}"
220,set_000__step_00011050,set_000__step_00011000,2,"{water-surface,formed,408,1039,surface,water,Zn,O,O-Zn,,2.196953} {water-surface,formed,853,1015,surface,water,Zn,O,O-Zn,,2.195427}"
221,set_000__step_00011100,set_000__step_00011050,1,"{water-surface,broken,13,1054,surface,water,Zn,O,O-Zn,2.138957,}"
222,set_000__step_00011150,set_000__step_00011100,1,"{water-surface,formed,13,1054,surface,water,Zn,O,O-Zn,,2.192714}"
223,set_000__step_00011200,set_000__step_00011150,2,"{water-surface,broken,408,1039,surface,water,Zn,O,O-Zn,1.894233,} {water-surface,broken,853,1015,surface,water,Zn,O,O-Zn,2.013128,}"
224,set_000__step_00011250,set_000__step_00011200,1,"{water-surface,formed,699,1055,surface,water,O,H,H-O,,1.180549}"
225,set_000__step_00011300,set_000__step_00011250,3,"{water-surface,formed,508,1009,surface,water,Zn,O,O-Zn,,2.078205} {water-surface,formed,853,1015,surface,water,Zn,O,O-Zn,,2.158992} {water-surface,broken,699,1055,surface,water,O,H,H-O,1.180549,}"
226,set_000__step_00011350,set_000__step_00011300,3,"{water-surface,formed,408,1039,surface,water,Zn,O,O-Zn,,1.900164} {water-surface,broken,13,1054,surface,water,Zn,O,O-Zn,2.086871,} {water-surface,broken,459,1035,surface,water,O,H,H-O,1.167967,}"
227,set_000__step_00011400,set_000__step_00011350,1,"{water-surface,broken,148,1006,surface,water,Zn,O,O-Zn,2.144555,}"
228,set_000__step_00011450,set_000__step_00011400,6,"{water-surface,formed,13,1054,surface,water,Zn,O,O-Zn,,2.059827} {water-surface,formed,148,1006,surface,water,Zn,O,O-Zn,,2.154348} {water-surface,broken,408,1039,surface,water,Zn,O,O-Zn,2.080778,} {water-surface,broken,508,1009,surface,water,Zn,O,O-Zn,2.182545,} {water-surface,broken,733,1033,surface,water,Zn,O,O-Zn,2.122982,} {water-surface,broken,853,1015,surface,water,Zn,O,O-Zn,2.092748,}"
229,set_000__step_00011500,set_000__step_00011450,1,"{water-surface,formed,733,1033,surface,water,Zn,O,O-Zn,,2.162173}"
230,set_000__step_00011550,set_000__step_00011500,1,"{water-surface,formed,408,1039,surface,water,Zn,O,O-Zn,,2.100015}"
231,set_000__step_00011600,set_000__step_00011550,2,"{water-surface,formed,853,1015,surface,water,Zn,O,O-Zn,,2.039163} {water-surface,broken,13,1054,surface,water,Zn,O,O-Zn,2.135077,}"
232,set_000__step_00011650,set_000__step_00011600,2,"{water-surface,formed,13,1054,surface,water,Zn,O,O-Zn,,2.183411} {water-surface,broken,733,1033,surface,water,Zn,O,O-Zn,2.063696,}"
233,set_000__step_00011700,set_000__step_00011650,2,"{water-surface,formed,134,1041,surface,water,O,H,H-O,,1.156416} {water-surface,formed,733,1033,surface,water,Zn,O,O-Zn,,2.156516}"
234,set_000__step_00011750,set_000__step_00011700,2,"{water-surface,broken,134,1041,surface,water,O,H,H-O,1.156416,} {water-surface,broken,853,1015,surface,water,Zn,O,O-Zn,2.157851,}"
235,set_000__step_00011800,set_000__step_00011750,0,
236,set_000__step_00011850,set_000__step_00011800,2,"{water-surface,formed,853,1015,surface,water,Zn,O,O-Zn,,2.186181} {water-surface,broken,733,1033,surface,water,Zn,O,O-Zn,2.105683,}"
237,set_000__step_00011900,set_000__step_00011850,1,"{water-surface,formed,733,1033,surface,water,Zn,O,O-Zn,,2.077382}"
