frame_index,frame_label,structure_path,selection_score
423,set_000__step_00021200,/home/jovyan/AIMD-data/enol/vdw-cal/ketone_dataset/cif_frames/set_000/step_00021200.cif,0.999982
419,set_000__step_00021000,/home/jovyan/AIMD-data/enol/vdw-cal/ketone_dataset/cif_frames/set_000/step_00021000.cif,0.999982
432,set_000__step_00021650,/home/jovyan/AIMD-data/enol/vdw-cal/ketone_dataset/cif_frames/set_000/step_00021650.cif,0.999977
3831,set_001__step_00191600,/home/jovyan/AIMD-data/enol/vdw-cal/ketone_dataset/cif_frames/set_001/step_00191600.cif,0.999975
1885,set_000__step_00094300,/home/jovyan/AIMD-data/enol/vdw-cal/ketone_dataset/cif_frames/set_000/step_00094300.cif,0.999973
990,set_000__step_00049550,/home/jovyan/AIMD-data/enol/vdw-cal/ketone_dataset/cif_frames/set_000/step_00049550.cif,0.999969
2623,set_001__step_00131200,/home/jovyan/AIMD-data/enol/vdw-cal/ketone_dataset/cif_frames/set_001/step_00131200.cif,0.999967
554,set_000__step_00027750,/home/jovyan/AIMD-data/enol/vdw-cal/ketone_dataset/cif_frames/set_000/step_00027750.cif,0.999962
934,set_000__step_00046750,/home/jovyan/AIMD-data/enol/vdw-cal/ketone_dataset/cif_frames/set_000/step_00046750.cif,0.999961
619,set_000__step_00031000,/home/jovyan/AIMD-data/enol/vdw-cal/ketone_dataset/cif_frames/set_000/step_00031000.cif,0.999961
2622,set_001__step_00131150,/home/jovyan/AIMD-data/enol/vdw-cal/ketone_dataset/cif_frames/set_001/step_00131150.cif,0.999956
989,set_000__step_00049500,/home/jovyan/AIMD-data/enol/vdw-cal/ketone_dataset/cif_frames/set_000/step_00049500.cif,0.999943
768,set_000__step_00038450,/home/jovyan/AIMD-data/enol/vdw-cal/ketone_dataset/cif_frames/set_000/step_00038450.cif,0.999940
3833,set_001__step_00191700,/home/jovyan/AIMD-data/enol/vdw-cal/ketone_dataset/cif_frames/set_001/step_00191700.cif,0.999939
549,set_000__step_00027500,/home/jovyan/AIMD-data/enol/vdw-cal/ketone_dataset/cif_frames/set_000/step_00027500.cif,0.999937
542,set_000__step_00027150,/home/jovyan/AIMD-data/enol/vdw-cal/ketone_dataset/cif_frames/set_000/step_00027150.cif,0.999937
2936,set_001__step_00146850,/home/jovyan/AIMD-data/enol/vdw-cal/ketone_dataset/cif_frames/set_001/step_00146850.cif,0.999933
1523,set_000__step_00076200,/home/jovyan/AIMD-data/enol/vdw-cal/ketone_dataset/cif_frames/set_000/step_00076200.cif,0.999931
3832,set_001__step_00191650,/home/jovyan/AIMD-data/enol/vdw-cal/ketone_dataset/cif_frames/set_001/step_00191650.cif,0.999925
418,set_000__step_00020950,/home/jovyan/AIMD-data/enol/vdw-cal/ketone_dataset/cif_frames/set_000/step_00020950.cif,0.999921
2475,set_001__step_00123800,/home/jovyan/AIMD-data/enol/vdw-cal/ketone_dataset/cif_frames/set_001/step_00123800.cif,0.999921
1662,set_000__step_00083150,/home/jovyan/AIMD-data/enol/vdw-cal/ketone_dataset/cif_frames/set_000/step_00083150.cif,0.999921
2295,set_001__step_00114800,/home/jovyan/AIMD-data/enol/vdw-cal/ketone_dataset/cif_frames/set_001/step_00114800.cif,0.999920
982,set_000__step_00049150,/home/jovyan/AIMD-data/enol/vdw-cal/ketone_dataset/cif_frames/set_000/step_00049150.cif,0.999920
550,set_000__step_00027550,/home/jovyan/AIMD-data/enol/vdw-cal/ketone_dataset/cif_frames/set_000/step_00027550.cif,0.999919
1977,set_000__step_00098900,/home/jovyan/AIMD-data/enol/vdw-cal/ketone_dataset/cif_frames/set_000/step_00098900.cif,0.999918
1525,set_000__step_00076300,/home/jovyan/AIMD-data/enol/vdw-cal/ketone_dataset/cif_frames/set_000/step_00076300.cif,0.999916
3075,set_001__step_00153800,/home/jovyan/AIMD-data/enol/vdw-cal/ketone_dataset/cif_frames/set_001/step_00153800.cif,0.999916
2935,set_001__step_00146800,/home/jovyan/AIMD-data/enol/vdw-cal/ketone_dataset/cif_frames/set_001/step_00146800.cif,0.999901
983,set_000__step_00049200,/home/jovyan/AIMD-data/enol/vdw-cal/ketone_dataset/cif_frames/set_000/step_00049200.cif,0.999894
2476,set_001__step_00123850,/home/jovyan/AIMD-data/enol/vdw-cal/ketone_dataset/cif_frames/set_001/step_00123850.cif,0.999890
545,set_000__step_00027300,/home/jovyan/AIMD-data/enol/vdw-cal/ketone_dataset/cif_frames/set_000/step_00027300.cif,0.999890
620,set_000__step_00031050,/home/jovyan/AIMD-data/enol/vdw-cal/ketone_dataset/cif_frames/set_000/step_00031050.cif,0.999889
730,set_000__step_00036550,/home/jovyan/AIMD-data/enol/vdw-cal/ketone_dataset/cif_frames/set_000/step_00036550.cif,0.999889
1527,set_000__step_00076400,/home/jovyan/AIMD-data/enol/vdw-cal/ketone_dataset/cif_frames/set_000/step_00076400.cif,0.999888
2937,set_001__step_00146900,/home/jovyan/AIMD-data/enol/vdw-cal/ketone_dataset/cif_frames/set_001/step_00146900.cif,0.999885
1376,set_000__step_00068850,/home/jovyan/AIMD-data/enol/vdw-cal/ketone_dataset/cif_frames/set_000/step_00068850.cif,0.999883
1661,set_000__step_00083100,/home/jovyan/AIMD-data/enol/vdw-cal/ketone_dataset/cif_frames/set_000/step_00083100.cif,0.999883
2366,set_001__step_00118350,/home/jovyan/AIMD-data/enol/vdw-cal/ketone_dataset/cif_frames/set_001/step_00118350.cif,0.999883
506,set_000__step_00025350,/home/jovyan/AIMD-data/enol/vdw-cal/ketone_dataset/cif_frames/set_000/step_00025350.cif,0.999881
987,set_000__step_00049400,/home/jovyan/AIMD-data/enol/vdw-cal/ketone_dataset/cif_frames/set_000/step_00049400.cif,0.999880
1479,set_000__step_00074000,/home/jovyan/AIMD-data/enol/vdw-cal/ketone_dataset/cif_frames/set_000/step_00074000.cif,0.999880
503,set_000__step_00025200,/home/jovyan/AIMD-data/enol/vdw-cal/ketone_dataset/cif_frames/set_000/step_00025200.cif,0.999877
1660,set_000__step_00083050,/home/jovyan/AIMD-data/enol/vdw-cal/ketone_dataset/cif_frames/set_000/step_00083050.cif,0.999869
2483,set_001__step_00124200,/home/jovyan/AIMD-data/enol/vdw-cal/ketone_dataset/cif_frames/set_001/step_00124200.cif,0.999869
992,set_000__step_00049650,/home/jovyan/AIMD-data/enol/vdw-cal/ketone_dataset/cif_frames/set_000/step_00049650.cif,0.999869
1951,set_000__step_00097600,/home/jovyan/AIMD-data/enol/vdw-cal/ketone_dataset/cif_frames/set_000/step_00097600.cif,0.999867
1456,set_000__step_00072850,/home/jovyan/AIMD-data/enol/vdw-cal/ketone_dataset/cif_frames/set_000/step_00072850.cif,0.999866
1666,set_000__step_00083350,/home/jovyan/AIMD-data/enol/vdw-cal/ketone_dataset/cif_frames/set_000/step_00083350.cif,0.999864
767,set_000__step_00038400,/home/jovyan/AIMD-data/enol/vdw-cal/ketone_dataset/cif_frames/set_000/step_00038400.cif,0.999863
1168,set_000__step_00058450,/home/jovyan/AIMD-data/enol/vdw-cal/ketone_dataset/cif_frames/set_000/step_00058450.cif,0.999859
2474,set_001__step_00123750,/home/jovyan/AIMD-data/enol/vdw-cal/ketone_dataset/cif_frames/set_001/step_00123750.cif,0.999858
3007,set_001__step_00150400,/home/jovyan/AIMD-data/enol/vdw-cal/ketone_dataset/cif_frames/set_001/step_00150400.cif,0.999857
435,set_000__step_00021800,/home/jovyan/AIMD-data/enol/vdw-cal/ketone_dataset/cif_frames/set_000/step_00021800.cif,0.999849
1459,set_000__step_00073000,/home/jovyan/AIMD-data/enol/vdw-cal/ketone_dataset/cif_frames/set_000/step_00073000.cif,0.999848
1457,set_000__step_00072900,/home/jovyan/AIMD-data/enol/vdw-cal/ketone_dataset/cif_frames/set_000/step_00072900.cif,0.999847
1658,set_000__step_00082950,/home/jovyan/AIMD-data/enol/vdw-cal/ketone_dataset/cif_frames/set_000/step_00082950.cif,0.999846
1529,set_000__step_00076500,/home/jovyan/AIMD-data/enol/vdw-cal/ketone_dataset/cif_frames/set_000/step_00076500.cif,0.999844
1852,set_000__step_00092650,/home/jovyan/AIMD-data/enol/vdw-cal/ketone_dataset/cif_frames/set_000/step_00092650.cif,0.999843
1800,set_000__step_00090050,/home/jovyan/AIMD-data/enol/vdw-cal/ketone_dataset/cif_frames/set_000/step_00090050.cif,0.999838
434,set_000__step_00021750,/home/jovyan/AIMD-data/enol/vdw-cal/ketone_dataset/cif_frames/set_000/step_00021750.cif,0.999838
776,set_000__step_00038850,/home/jovyan/AIMD-data/enol/vdw-cal/ketone_dataset/cif_frames/set_000/step_00038850.cif,0.999838
424,set_000__step_00021250,/home/jovyan/AIMD-data/enol/vdw-cal/ketone_dataset/cif_frames/set_000/step_00021250.cif,0.999838
422,set_000__step_00021150,/home/jovyan/AIMD-data/enol/vdw-cal/ketone_dataset/cif_frames/set_000/step_00021150.cif,0.999837
2809,set_001__step_00140500,/home/jovyan/AIMD-data/enol/vdw-cal/ketone_dataset/cif_frames/set_001/step_00140500.cif,0.999837
978,set_000__step_00048950,/home/jovyan/AIMD-data/enol/vdw-cal/ketone_dataset/cif_frames/set_000/step_00048950.cif,0.999836
985,set_000__step_00049300,/home/jovyan/AIMD-data/enol/vdw-cal/ketone_dataset/cif_frames/set_000/step_00049300.cif,0.999834
1545,set_000__step_00077300,/home/jovyan/AIMD-data/enol/vdw-cal/ketone_dataset/cif_frames/set_000/step_00077300.cif,0.999823
2525,set_001__step_00126300,/home/jovyan/AIMD-data/enol/vdw-cal/ketone_dataset/cif_frames/set_001/step_00126300.cif,0.999818
981,set_000__step_00049100,/home/jovyan/AIMD-data/enol/vdw-cal/ketone_dataset/cif_frames/set_000/step_00049100.cif,0.999817
1524,set_000__step_00076250,/home/jovyan/AIMD-data/enol/vdw-cal/ketone_dataset/cif_frames/set_000/step_00076250.cif,0.999806
2808,set_001__step_00140450,/home/jovyan/AIMD-data/enol/vdw-cal/ketone_dataset/cif_frames/set_001/step_00140450.cif,0.999805
1701,set_000__step_00085100,/home/jovyan/AIMD-data/enol/vdw-cal/ketone_dataset/cif_frames/set_000/step_00085100.cif,0.999803
2931,set_001__step_00146600,/home/jovyan/AIMD-data/enol/vdw-cal/ketone_dataset/cif_frames/set_001/step_00146600.cif,0.999801
1717,set_000__step_00085900,/home/jovyan/AIMD-data/enol/vdw-cal/ketone_dataset/cif_frames/set_000/step_00085900.cif,0.999799
1816,set_000__step_00090850,/home/jovyan/AIMD-data/enol/vdw-cal/ketone_dataset/cif_frames/set_000/step_00090850.cif,0.999795
1941,set_000__step_00097100,/home/jovyan/AIMD-data/enol/vdw-cal/ketone_dataset/cif_frames/set_000/step_00097100.cif,0.999794
980,set_000__step_00049050,/home/jovyan/AIMD-data/enol/vdw-cal/ketone_dataset/cif_frames/set_000/step_00049050.cif,0.999794
555,set_000__step_00027800,/home/jovyan/AIMD-data/enol/vdw-cal/ketone_dataset/cif_frames/set_000/step_00027800.cif,0.999789
1980,set_000__step_00099050,/home/jovyan/AIMD-data/enol/vdw-cal/ketone_dataset/cif_frames/set_000/step_00099050.cif,0.999789
1639,set_000__step_00082000,/home/jovyan/AIMD-data/enol/vdw-cal/ketone_dataset/cif_frames/set_000/step_00082000.cif,0.999785
1831,set_000__step_00091600,/home/jovyan/AIMD-data/enol/vdw-cal/ketone_dataset/cif_frames/set_000/step_00091600.cif,0.999781
1981,set_000__step_00099100,/home/jovyan/AIMD-data/enol/vdw-cal/ketone_dataset/cif_frames/set_000/step_00099100.cif,0.999778
1659,set_000__step_00083000,/home/jovyan/AIMD-data/enol/vdw-cal/ketone_dataset/cif_frames/set_000/step_00083000.cif,0.999776
2364,set_001__step_00118250,/home/jovyan/AIMD-data/enol/vdw-cal/ketone_dataset/cif_frames/set_001/step_00118250.cif,0.999775
994,set_000__step_00049750,/home/jovyan/AIMD-data/enol/vdw-cal/ketone_dataset/cif_frames/set_000/step_00049750.cif,0.999772
1002,set_000__step_00050150,/home/jovyan/AIMD-data/enol/vdw-cal/ketone_dataset/cif_frames/set_000/step_00050150.cif,0.999772
1377,set_000__step_00068900,/home/jovyan/AIMD-data/enol/vdw-cal/ketone_dataset/cif_frames/set_000/step_00068900.cif,0.999769
1950,set_000__step_00097550,/home/jovyan/AIMD-data/enol/vdw-cal/ketone_dataset/cif_frames/set_000/step_00097550.cif,0.999769
1483,set_000__step_00074200,/home/jovyan/AIMD-data/enol/vdw-cal/ketone_dataset/cif_frames/set_000/step_00074200.cif,0.999767
1886,set_000__step_00094350,/home/jovyan/AIMD-data/enol/vdw-cal/ketone_dataset/cif_frames/set_000/step_00094350.cif,0.999764
832,set_000__step_00041650,/home/jovyan/AIMD-data/enol/vdw-cal/ketone_dataset/cif_frames/set_000/step_00041650.cif,0.999762
3834,set_001__step_00191750,/home/jovyan/AIMD-data/enol/vdw-cal/ketone_dataset/cif_frames/set_001/step_00191750.cif,0.999759
1832,set_000__step_00091650,/home/jovyan/AIMD-data/enol/vdw-cal/ketone_dataset/cif_frames/set_000/step_00091650.cif,0.999759
2580,set_001__step_00129050,/home/jovyan/AIMD-data/enol/vdw-cal/ketone_dataset/cif_frames/set_001/step_00129050.cif,0.999756
1985,set_000__step_00099300,/home/jovyan/AIMD-data/enol/vdw-cal/ketone_dataset/cif_frames/set_000/step_00099300.cif,0.999756
1480,set_000__step_00074050,/home/jovyan/AIMD-data/enol/vdw-cal/ketone_dataset/cif_frames/set_000/step_00074050.cif,0.999755
1034,set_000__step_00051750,/home/jovyan/AIMD-data/enol/vdw-cal/ketone_dataset/cif_frames/set_000/step_00051750.cif,0.999754
454,set_000__step_00022750,/home/jovyan/AIMD-data/enol/vdw-cal/ketone_dataset/cif_frames/set_000/step_00022750.cif,0.999753
785,set_000__step_00039300,/home/jovyan/AIMD-data/enol/vdw-cal/ketone_dataset/cif_frames/set_000/step_00039300.cif,0.999752
977,set_000__step_00048900,/home/jovyan/AIMD-data/enol/vdw-cal/ketone_dataset/cif_frames/set_000/step_00048900.cif,0.999749
1017,set_000__step_00050900,/home/jovyan/AIMD-data/enol/vdw-cal/ketone_dataset/cif_frames/set_000/step_00050900.cif,0.999749
984,set_000__step_00049250,/home/jovyan/AIMD-data/enol/vdw-cal/ketone_dataset/cif_frames/set_000/step_00049250.cif,0.999749
2446,set_001__step_00122350,/home/jovyan/AIMD-data/enol/vdw-cal/ketone_dataset/cif_frames/set_001/step_00122350.cif,0.999746
991,set_000__step_00049600,/home/jovyan/AIMD-data/enol/vdw-cal/ketone_dataset/cif_frames/set_000/step_00049600.cif,0.999743
1006,set_000__step_00050350,/home/jovyan/AIMD-data/enol/vdw-cal/ketone_dataset/cif_frames/set_000/step_00050350.cif,0.999741
1841,set_000__step_00092100,/home/jovyan/AIMD-data/enol/vdw-cal/ketone_dataset/cif_frames/set_000/step_00092100.cif,0.999738
621,set_000__step_00031100,/home/jovyan/AIMD-data/enol/vdw-cal/ketone_dataset/cif_frames/set_000/step_00031100.cif,0.999737
1318,set_000__step_00065950,/home/jovyan/AIMD-data/enol/vdw-cal/ketone_dataset/cif_frames/set_000/step_00065950.cif,0.999736
1798,set_000__step_00089950,/home/jovyan/AIMD-data/enol/vdw-cal/ketone_dataset/cif_frames/set_000/step_00089950.cif,0.999731
1478,set_000__step_00073950,/home/jovyan/AIMD-data/enol/vdw-cal/ketone_dataset/cif_frames/set_000/step_00073950.cif,0.999729
736,set_000__step_00036850,/home/jovyan/AIMD-data/enol/vdw-cal/ketone_dataset/cif_frames/set_000/step_00036850.cif,0.999723
1146,set_000__step_00057350,/home/jovyan/AIMD-data/enol/vdw-cal/ketone_dataset/cif_frames/set_000/step_00057350.cif,0.999717
1718,set_000__step_00085950,/home/jovyan/AIMD-data/enol/vdw-cal/ketone_dataset/cif_frames/set_000/step_00085950.cif,0.999708
1810,set_000__step_00090550,/home/jovyan/AIMD-data/enol/vdw-cal/ketone_dataset/cif_frames/set_000/step_00090550.cif,0.999707
1997,set_000__step_00099900,/home/jovyan/AIMD-data/enol/vdw-cal/ketone_dataset/cif_frames/set_000/step_00099900.cif,0.999702
3567,set_001__step_00178400,/home/jovyan/AIMD-data/enol/vdw-cal/ketone_dataset/cif_frames/set_001/step_00178400.cif,0.999701
539,set_000__step_00027000,/home/jovyan/AIMD-data/enol/vdw-cal/ketone_dataset/cif_frames/set_000/step_00027000.cif,0.999701
2621,set_001__step_00131100,/home/jovyan/AIMD-data/enol/vdw-cal/ketone_dataset/cif_frames/set_001/step_00131100.cif,0.999701
2999,set_001__step_00150000,/home/jovyan/AIMD-data/enol/vdw-cal/ketone_dataset/cif_frames/set_001/step_00150000.cif,0.999698
2956,set_001__step_00147850,/home/jovyan/AIMD-data/enol/vdw-cal/ketone_dataset/cif_frames/set_001/step_00147850.cif,0.999696
1378,set_000__step_00068950,/home/jovyan/AIMD-data/enol/vdw-cal/ketone_dataset/cif_frames/set_000/step_00068950.cif,0.999696
540,set_000__step_00027050,/home/jovyan/AIMD-data/enol/vdw-cal/ketone_dataset/cif_frames/set_000/step_00027050.cif,0.999695
2019,set_001__step_00101000,/home/jovyan/AIMD-data/enol/vdw-cal/ketone_dataset/cif_frames/set_001/step_00101000.cif,0.999693
1760,set_000__step_00088050,/home/jovyan/AIMD-data/enol/vdw-cal/ketone_dataset/cif_frames/set_000/step_00088050.cif,0.999693
1996,set_000__step_00099850,/home/jovyan/AIMD-data/enol/vdw-cal/ketone_dataset/cif_frames/set_000/step_00099850.cif,0.999693
2694,set_001__step_00134750,/home/jovyan/AIMD-data/enol/vdw-cal/ketone_dataset/cif_frames/set_001/step_00134750.cif,0.999690
1455,set_000__step_00072800,/home/jovyan/AIMD-data/enol/vdw-cal/ketone_dataset/cif_frames/set_000/step_00072800.cif,0.999688
976,set_000__step_00048850,/home/jovyan/AIMD-data/enol/vdw-cal/ketone_dataset/cif_frames/set_000/step_00048850.cif,0.999684
1968,set_000__step_00098450,/home/jovyan/AIMD-data/enol/vdw-cal/ketone_dataset/cif_frames/set_000/step_00098450.cif,0.999683
1966,set_000__step_00098350,/home/jovyan/AIMD-data/enol/vdw-cal/ketone_dataset/cif_frames/set_000/step_00098350.cif,0.999682
1834,set_000__step_00091750,/home/jovyan/AIMD-data/enol/vdw-cal/ketone_dataset/cif_frames/set_000/step_00091750.cif,0.999682
933,set_000__step_00046700,/home/jovyan/AIMD-data/enol/vdw-cal/ketone_dataset/cif_frames/set_000/step_00046700.cif,0.999678
732,set_000__step_00036650,/home/jovyan/AIMD-data/enol/vdw-cal/ketone_dataset/cif_frames/set_000/step_00036650.cif,0.999677
1844,set_000__step_00092250,/home/jovyan/AIMD-data/enol/vdw-cal/ketone_dataset/cif_frames/set_000/step_00092250.cif,0.999675
1282,set_000__step_00064150,/home/jovyan/AIMD-data/enol/vdw-cal/ketone_dataset/cif_frames/set_000/step_00064150.cif,0.999674
2553,set_001__step_00127700,/home/jovyan/AIMD-data/enol/vdw-cal/ketone_dataset/cif_frames/set_001/step_00127700.cif,0.999674
3830,set_001__step_00191550,/home/jovyan/AIMD-data/enol/vdw-cal/ketone_dataset/cif_frames/set_001/step_00191550.cif,0.999673
553,set_000__step_00027700,/home/jovyan/AIMD-data/enol/vdw-cal/ketone_dataset/cif_frames/set_000/step_00027700.cif,0.999673
1933,set_000__step_00096700,/home/jovyan/AIMD-data/enol/vdw-cal/ketone_dataset/cif_frames/set_000/step_00096700.cif,0.999673
420,set_000__step_00021050,/home/jovyan/AIMD-data/enol/vdw-cal/ketone_dataset/cif_frames/set_000/step_00021050.cif,0.999671
1656,set_000__step_00082850,/home/jovyan/AIMD-data/enol/vdw-cal/ketone_dataset/cif_frames/set_000/step_00082850.cif,0.999671
1086,set_000__step_00054350,/home/jovyan/AIMD-data/enol/vdw-cal/ketone_dataset/cif_frames/set_000/step_00054350.cif,0.999670
2592,set_001__step_00129650,/home/jovyan/AIMD-data/enol/vdw-cal/ketone_dataset/cif_frames/set_001/step_00129650.cif,0.999667
507,set_000__step_00025400,/home/jovyan/AIMD-data/enol/vdw-cal/ketone_dataset/cif_frames/set_000/step_00025400.cif,0.999665
2571,set_001__step_00128600,/home/jovyan/AIMD-data/enol/vdw-cal/ketone_dataset/cif_frames/set_001/step_00128600.cif,0.999663
482,set_000__step_00024150,/home/jovyan/AIMD-data/enol/vdw-cal/ketone_dataset/cif_frames/set_000/step_00024150.cif,0.999662
543,set_000__step_00027200,/home/jovyan/AIMD-data/enol/vdw-cal/ketone_dataset/cif_frames/set_000/step_00027200.cif,0.999661
1160,set_000__step_00058050,/home/jovyan/AIMD-data/enol/vdw-cal/ketone_dataset/cif_frames/set_000/step_00058050.cif,0.999657
738,set_000__step_00036950,/home/jovyan/AIMD-data/enol/vdw-cal/ketone_dataset/cif_frames/set_000/step_00036950.cif,0.999655
2913,set_001__step_00145700,/home/jovyan/AIMD-data/enol/vdw-cal/ketone_dataset/cif_frames/set_001/step_00145700.cif,0.999651
548,set_000__step_00027450,/home/jovyan/AIMD-data/enol/vdw-cal/ketone_dataset/cif_frames/set_000/step_00027450.cif,0.999650
1016,set_000__step_00050850,/home/jovyan/AIMD-data/enol/vdw-cal/ketone_dataset/cif_frames/set_000/step_00050850.cif,0.999645
1085,set_000__step_00054300,/home/jovyan/AIMD-data/enol/vdw-cal/ketone_dataset/cif_frames/set_000/step_00054300.cif,0.999644
1820,set_000__step_00091050,/home/jovyan/AIMD-data/enol/vdw-cal/ketone_dataset/cif_frames/set_000/step_00091050.cif,0.999644
1035,set_000__step_00051800,/home/jovyan/AIMD-data/enol/vdw-cal/ketone_dataset/cif_frames/set_000/step_00051800.cif,0.999642
1988,set_000__step_00099450,/home/jovyan/AIMD-data/enol/vdw-cal/ketone_dataset/cif_frames/set_000/step_00099450.cif,0.999642
1559,set_000__step_00078000,/home/jovyan/AIMD-data/enol/vdw-cal/ketone_dataset/cif_frames/set_000/step_00078000.cif,0.999636
1408,set_000__step_00070450,/home/jovyan/AIMD-data/enol/vdw-cal/ketone_dataset/cif_frames/set_000/step_00070450.cif,0.999625
1842,set_000__step_00092150,/home/jovyan/AIMD-data/enol/vdw-cal/ketone_dataset/cif_frames/set_000/step_00092150.cif,0.999618
2696,set_001__step_00134850,/home/jovyan/AIMD-data/enol/vdw-cal/ketone_dataset/cif_frames/set_001/step_00134850.cif,0.999614
1083,set_000__step_00054200,/home/jovyan/AIMD-data/enol/vdw-cal/ketone_dataset/cif_frames/set_000/step_00054200.cif,0.999611
2365,set_001__step_00118300,/home/jovyan/AIMD-data/enol/vdw-cal/ketone_dataset/cif_frames/set_001/step_00118300.cif,0.999610
707,set_000__step_00035400,/home/jovyan/AIMD-data/enol/vdw-cal/ketone_dataset/cif_frames/set_000/step_00035400.cif,0.999609
1021,set_000__step_00051100,/home/jovyan/AIMD-data/enol/vdw-cal/ketone_dataset/cif_frames/set_000/step_00051100.cif,0.999607
2555,set_001__step_00127800,/home/jovyan/AIMD-data/enol/vdw-cal/ketone_dataset/cif_frames/set_001/step_00127800.cif,0.999606
1851,set_000__step_00092600,/home/jovyan/AIMD-data/enol/vdw-cal/ketone_dataset/cif_frames/set_000/step_00092600.cif,0.999605
937,set_000__step_00046900,/home/jovyan/AIMD-data/enol/vdw-cal/ketone_dataset/cif_frames/set_000/step_00046900.cif,0.999605
2561,set_001__step_00128100,/home/jovyan/AIMD-data/enol/vdw-cal/ketone_dataset/cif_frames/set_001/step_00128100.cif,0.999601
1458,set_000__step_00072950,/home/jovyan/AIMD-data/enol/vdw-cal/ketone_dataset/cif_frames/set_000/step_00072950.cif,0.999601
2757,set_001__step_00137900,/home/jovyan/AIMD-data/enol/vdw-cal/ketone_dataset/cif_frames/set_001/step_00137900.cif,0.999597
2693,set_001__step_00134700,/home/jovyan/AIMD-data/enol/vdw-cal/ketone_dataset/cif_frames/set_001/step_00134700.cif,0.999596
1528,set_000__step_00076450,/home/jovyan/AIMD-data/enol/vdw-cal/ketone_dataset/cif_frames/set_000/step_00076450.cif,0.999594
1998,set_000__step_00099950,/home/jovyan/AIMD-data/enol/vdw-cal/ketone_dataset/cif_frames/set_000/step_00099950.cif,0.999594
2429,set_001__step_00121500,/home/jovyan/AIMD-data/enol/vdw-cal/ketone_dataset/cif_frames/set_001/step_00121500.cif,0.999592
1702,set_000__step_00085150,/home/jovyan/AIMD-data/enol/vdw-cal/ketone_dataset/cif_frames/set_000/step_00085150.cif,0.999589
1526,set_000__step_00076350,/home/jovyan/AIMD-data/enol/vdw-cal/ketone_dataset/cif_frames/set_000/step_00076350.cif,0.999587
1669,set_000__step_00083500,/home/jovyan/AIMD-data/enol/vdw-cal/ketone_dataset/cif_frames/set_000/step_00083500.cif,0.999586
1740,set_000__step_00087050,/home/jovyan/AIMD-data/enol/vdw-cal/ketone_dataset/cif_frames/set_000/step_00087050.cif,0.999586
541,set_000__step_00027100,/home/jovyan/AIMD-data/enol/vdw-cal/ketone_dataset/cif_frames/set_000/step_00027100.cif,0.999585
1469,set_000__step_00073500,/home/jovyan/AIMD-data/enol/vdw-cal/ketone_dataset/cif_frames/set_000/step_00073500.cif,0.999582
1989,set_000__step_00099500,/home/jovyan/AIMD-data/enol/vdw-cal/ketone_dataset/cif_frames/set_000/step_00099500.cif,0.999580
2472,set_001__step_00123650,/home/jovyan/AIMD-data/enol/vdw-cal/ketone_dataset/cif_frames/set_001/step_00123650.cif,0.999579
603,set_000__step_00030200,/home/jovyan/AIMD-data/enol/vdw-cal/ketone_dataset/cif_frames/set_000/step_00030200.cif,0.999579
1721,set_000__step_00086100,/home/jovyan/AIMD-data/enol/vdw-cal/ketone_dataset/cif_frames/set_000/step_00086100.cif,0.999578
1353,set_000__step_00067700,/home/jovyan/AIMD-data/enol/vdw-cal/ketone_dataset/cif_frames/set_000/step_00067700.cif,0.999577
1761,set_000__step_00088100,/home/jovyan/AIMD-data/enol/vdw-cal/ketone_dataset/cif_frames/set_000/step_00088100.cif,0.999577
1836,set_000__step_00091850,/home/jovyan/AIMD-data/enol/vdw-cal/ketone_dataset/cif_frames/set_000/step_00091850.cif,0.999575
1930,set_000__step_00096550,/home/jovyan/AIMD-data/enol/vdw-cal/ketone_dataset/cif_frames/set_000/step_00096550.cif,0.999570
1776,set_000__step_00088850,/home/jovyan/AIMD-data/enol/vdw-cal/ketone_dataset/cif_frames/set_000/step_00088850.cif,0.999569
427,set_000__step_00021400,/home/jovyan/AIMD-data/enol/vdw-cal/ketone_dataset/cif_frames/set_000/step_00021400.cif,0.999565
622,set_000__step_00031150,/home/jovyan/AIMD-data/enol/vdw-cal/ketone_dataset/cif_frames/set_000/step_00031150.cif,0.999563
430,set_000__step_00021550,/home/jovyan/AIMD-data/enol/vdw-cal/ketone_dataset/cif_frames/set_000/step_00021550.cif,0.999563
546,set_000__step_00027350,/home/jovyan/AIMD-data/enol/vdw-cal/ketone_dataset/cif_frames/set_000/step_00027350.cif,0.999563
1732,set_000__step_00086650,/home/jovyan/AIMD-data/enol/vdw-cal/ketone_dataset/cif_frames/set_000/step_00086650.cif,0.999561
474,set_000__step_00023750,/home/jovyan/AIMD-data/enol/vdw-cal/ketone_dataset/cif_frames/set_000/step_00023750.cif,0.999558
2033,set_001__step_00101700,/home/jovyan/AIMD-data/enol/vdw-cal/ketone_dataset/cif_frames/set_001/step_00101700.cif,0.999558
1835,set_000__step_00091800,/home/jovyan/AIMD-data/enol/vdw-cal/ketone_dataset/cif_frames/set_000/step_00091800.cif,0.999557
2958,set_001__step_00147950,/home/jovyan/AIMD-data/enol/vdw-cal/ketone_dataset/cif_frames/set_001/step_00147950.cif,0.999557
2113,set_001__step_00105700,/home/jovyan/AIMD-data/enol/vdw-cal/ketone_dataset/cif_frames/set_001/step_00105700.cif,0.999552
772,set_000__step_00038650,/home/jovyan/AIMD-data/enol/vdw-cal/ketone_dataset/cif_frames/set_000/step_00038650.cif,0.999549
1772,set_000__step_00088650,/home/jovyan/AIMD-data/enol/vdw-cal/ketone_dataset/cif_frames/set_000/step_00088650.cif,0.999548
597,set_000__step_00029900,/home/jovyan/AIMD-data/enol/vdw-cal/ketone_dataset/cif_frames/set_000/step_00029900.cif,0.999544
3071,set_001__step_00153600,/home/jovyan/AIMD-data/enol/vdw-cal/ketone_dataset/cif_frames/set_001/step_00153600.cif,0.999542
2796,set_001__step_00139850,/home/jovyan/AIMD-data/enol/vdw-cal/ketone_dataset/cif_frames/set_001/step_00139850.cif,0.999542
727,set_000__step_00036400,/home/jovyan/AIMD-data/enol/vdw-cal/ketone_dataset/cif_frames/set_000/step_00036400.cif,0.999542
2828,set_001__step_00141450,/home/jovyan/AIMD-data/enol/vdw-cal/ketone_dataset/cif_frames/set_001/step_00141450.cif,0.999540
2957,set_001__step_00147900,/home/jovyan/AIMD-data/enol/vdw-cal/ketone_dataset/cif_frames/set_001/step_00147900.cif,0.999537
3568,set_001__step_00178450,/home/jovyan/AIMD-data/enol/vdw-cal/ketone_dataset/cif_frames/set_001/step_00178450.cif,0.999536
2512,set_001__step_00125650,/home/jovyan/AIMD-data/enol/vdw-cal/ketone_dataset/cif_frames/set_001/step_00125650.cif,0.999533
1537,set_000__step_00076900,/home/jovyan/AIMD-data/enol/vdw-cal/ketone_dataset/cif_frames/set_000/step_00076900.cif,0.999528
607,set_000__step_00030400,/home/jovyan/AIMD-data/enol/vdw-cal/ketone_dataset/cif_frames/set_000/step_00030400.cif,0.999526
975,set_000__step_00048800,/home/jovyan/AIMD-data/enol/vdw-cal/ketone_dataset/cif_frames/set_000/step_00048800.cif,0.999524
3835,set_001__step_00191800,/home/jovyan/AIMD-data/enol/vdw-cal/ketone_dataset/cif_frames/set_001/step_00191800.cif,0.999523
421,set_000__step_00021100,/home/jovyan/AIMD-data/enol/vdw-cal/ketone_dataset/cif_frames/set_000/step_00021100.cif,0.999521
1189,set_000__step_00059500,/home/jovyan/AIMD-data/enol/vdw-cal/ketone_dataset/cif_frames/set_000/step_00059500.cif,0.999520
1712,set_000__step_00085650,/home/jovyan/AIMD-data/enol/vdw-cal/ketone_dataset/cif_frames/set_000/step_00085650.cif,0.999520
1758,set_000__step_00087950,/home/jovyan/AIMD-data/enol/vdw-cal/ketone_dataset/cif_frames/set_000/step_00087950.cif,0.999520
2563,set_001__step_00128200,/home/jovyan/AIMD-data/enol/vdw-cal/ketone_dataset/cif_frames/set_001/step_00128200.cif,0.999519
1297,set_000__step_00064900,/home/jovyan/AIMD-data/enol/vdw-cal/ketone_dataset/cif_frames/set_000/step_00064900.cif,0.999518
1799,set_000__step_00090000,/home/jovyan/AIMD-data/enol/vdw-cal/ketone_dataset/cif_frames/set_000/step_00090000.cif,0.999517
605,set_000__step_00030300,/home/jovyan/AIMD-data/enol/vdw-cal/ketone_dataset/cif_frames/set_000/step_00030300.cif,0.999516
1777,set_000__step_00088900,/home/jovyan/AIMD-data/enol/vdw-cal/ketone_dataset/cif_frames/set_000/step_00088900.cif,0.999515
2354,set_001__step_00117750,/home/jovyan/AIMD-data/enol/vdw-cal/ketone_dataset/cif_frames/set_001/step_00117750.cif,0.999514
1507,set_000__step_00075400,/home/jovyan/AIMD-data/enol/vdw-cal/ketone_dataset/cif_frames/set_000/step_00075400.cif,0.999514
1516,set_000__step_00075850,/home/jovyan/AIMD-data/enol/vdw-cal/ketone_dataset/cif_frames/set_000/step_00075850.cif,0.999509
3745,set_001__step_00187300,/home/jovyan/AIMD-data/enol/vdw-cal/ketone_dataset/cif_frames/set_001/step_00187300.cif,0.999509
1742,set_000__step_00087150,/home/jovyan/AIMD-data/enol/vdw-cal/ketone_dataset/cif_frames/set_000/step_00087150.cif,0.999508
1931,set_000__step_00096600,/home/jovyan/AIMD-data/enol/vdw-cal/ketone_dataset/cif_frames/set_000/step_00096600.cif,0.999501
2473,set_001__step_00123700,/home/jovyan/AIMD-data/enol/vdw-cal/ketone_dataset/cif_frames/set_001/step_00123700.cif,0.999501
1738,set_000__step_00086950,/home/jovyan/AIMD-data/enol/vdw-cal/ketone_dataset/cif_frames/set_000/step_00086950.cif,0.999491
1613,set_000__step_00080700,/home/jovyan/AIMD-data/enol/vdw-cal/ketone_dataset/cif_frames/set_000/step_00080700.cif,0.999490
1298,set_000__step_00064950,/home/jovyan/AIMD-data/enol/vdw-cal/ketone_dataset/cif_frames/set_000/step_00064950.cif,0.999488
1719,set_000__step_00086000,/home/jovyan/AIMD-data/enol/vdw-cal/ketone_dataset/cif_frames/set_000/step_00086000.cif,0.999487
273,set_000__step_00013700,/home/jovyan/AIMD-data/enol/vdw-cal/ketone_dataset/cif_frames/set_000/step_00013700.cif,0.999485
1691,set_000__step_00084600,/home/jovyan/AIMD-data/enol/vdw-cal/ketone_dataset/cif_frames/set_000/step_00084600.cif,0.999485
1945,set_000__step_00097300,/home/jovyan/AIMD-data/enol/vdw-cal/ketone_dataset/cif_frames/set_000/step_00097300.cif,0.999485
564,set_000__step_00028250,/home/jovyan/AIMD-data/enol/vdw-cal/ketone_dataset/cif_frames/set_000/step_00028250.cif,0.999485
2369,set_001__step_00118500,/home/jovyan/AIMD-data/enol/vdw-cal/ketone_dataset/cif_frames/set_001/step_00118500.cif,0.999484
1979,set_000__step_00099000,/home/jovyan/AIMD-data/enol/vdw-cal/ketone_dataset/cif_frames/set_000/step_00099000.cif,0.999479
826,set_000__step_00041350,/home/jovyan/AIMD-data/enol/vdw-cal/ketone_dataset/cif_frames/set_000/step_00041350.cif,0.999478
1789,set_000__step_00089500,/home/jovyan/AIMD-data/enol/vdw-cal/ketone_dataset/cif_frames/set_000/step_00089500.cif,0.999477
1664,set_000__step_00083250,/home/jovyan/AIMD-data/enol/vdw-cal/ketone_dataset/cif_frames/set_000/step_00083250.cif,0.999476
3076,set_001__step_00153850,/home/jovyan/AIMD-data/enol/vdw-cal/ketone_dataset/cif_frames/set_001/step_00153850.cif,0.999476
1970,set_000__step_00098550,/home/jovyan/AIMD-data/enol/vdw-cal/ketone_dataset/cif_frames/set_000/step_00098550.cif,0.999476
830,set_000__step_00041550,/home/jovyan/AIMD-data/enol/vdw-cal/ketone_dataset/cif_frames/set_000/step_00041550.cif,0.999474
1460,set_000__step_00073050,/home/jovyan/AIMD-data/enol/vdw-cal/ketone_dataset/cif_frames/set_000/step_00073050.cif,0.999474
2367,set_001__step_00118400,/home/jovyan/AIMD-data/enol/vdw-cal/ketone_dataset/cif_frames/set_001/step_00118400.cif,0.999473
2491,set_001__step_00124600,/home/jovyan/AIMD-data/enol/vdw-cal/ketone_dataset/cif_frames/set_001/step_00124600.cif,0.999470
274,set_000__step_00013750,/home/jovyan/AIMD-data/enol/vdw-cal/ketone_dataset/cif_frames/set_000/step_00013750.cif,0.999466
1240,set_000__step_00062050,/home/jovyan/AIMD-data/enol/vdw-cal/ketone_dataset/cif_frames/set_000/step_00062050.cif,0.999464
1558,set_000__step_00077950,/home/jovyan/AIMD-data/enol/vdw-cal/ketone_dataset/cif_frames/set_000/step_00077950.cif,0.999456
2498,set_001__step_00124950,/home/jovyan/AIMD-data/enol/vdw-cal/ketone_dataset/cif_frames/set_001/step_00124950.cif,0.999455
784,set_000__step_00039250,/home/jovyan/AIMD-data/enol/vdw-cal/ketone_dataset/cif_frames/set_000/step_00039250.cif,0.999453
1487,set_000__step_00074400,/home/jovyan/AIMD-data/enol/vdw-cal/ketone_dataset/cif_frames/set_000/step_00074400.cif,0.999449
2552,set_001__step_00127650,/home/jovyan/AIMD-data/enol/vdw-cal/ketone_dataset/cif_frames/set_001/step_00127650.cif,0.999449
1654,set_000__step_00082750,/home/jovyan/AIMD-data/enol/vdw-cal/ketone_dataset/cif_frames/set_000/step_00082750.cif,0.999449
1544,set_000__step_00077250,/home/jovyan/AIMD-data/enol/vdw-cal/ketone_dataset/cif_frames/set_000/step_00077250.cif,0.999447
1060,set_000__step_00053050,/home/jovyan/AIMD-data/enol/vdw-cal/ketone_dataset/cif_frames/set_000/step_00053050.cif,0.999442
1471,set_000__step_00073600,/home/jovyan/AIMD-data/enol/vdw-cal/ketone_dataset/cif_frames/set_000/step_00073600.cif,0.999441
1999,set_001__step_00100000,/home/jovyan/AIMD-data/enol/vdw-cal/ketone_dataset/cif_frames/set_001/step_00100000.cif,0.999440
1884,set_000__step_00094250,/home/jovyan/AIMD-data/enol/vdw-cal/ketone_dataset/cif_frames/set_000/step_00094250.cif,0.999436
2567,set_001__step_00128400,/home/jovyan/AIMD-data/enol/vdw-cal/ketone_dataset/cif_frames/set_001/step_00128400.cif,0.999436
1033,set_000__step_00051700,/home/jovyan/AIMD-data/enol/vdw-cal/ketone_dataset/cif_frames/set_000/step_00051700.cif,0.999432
1522,set_000__step_00076150,/home/jovyan/AIMD-data/enol/vdw-cal/ketone_dataset/cif_frames/set_000/step_00076150.cif,0.999432
1737,set_000__step_00086900,/home/jovyan/AIMD-data/enol/vdw-cal/ketone_dataset/cif_frames/set_000/step_00086900.cif,0.999428
1969,set_000__step_00098500,/home/jovyan/AIMD-data/enol/vdw-cal/ketone_dataset/cif_frames/set_000/step_00098500.cif,0.999427
766,set_000__step_00038350,/home/jovyan/AIMD-data/enol/vdw-cal/ketone_dataset/cif_frames/set_000/step_00038350.cif,0.999426
2118,set_001__step_00105950,/home/jovyan/AIMD-data/enol/vdw-cal/ketone_dataset/cif_frames/set_001/step_00105950.cif,0.999424
1720,set_000__step_00086050,/home/jovyan/AIMD-data/enol/vdw-cal/ketone_dataset/cif_frames/set_000/step_00086050.cif,0.999423
979,set_000__step_00049000,/home/jovyan/AIMD-data/enol/vdw-cal/ketone_dataset/cif_frames/set_000/step_00049000.cif,0.999418
986,set_000__step_00049350,/home/jovyan/AIMD-data/enol/vdw-cal/ketone_dataset/cif_frames/set_000/step_00049350.cif,0.999414
2417,set_001__step_00120900,/home/jovyan/AIMD-data/enol/vdw-cal/ketone_dataset/cif_frames/set_001/step_00120900.cif,0.999412
2020,set_001__step_00101050,/home/jovyan/AIMD-data/enol/vdw-cal/ketone_dataset/cif_frames/set_001/step_00101050.cif,0.999411
2619,set_001__step_00131000,/home/jovyan/AIMD-data/enol/vdw-cal/ketone_dataset/cif_frames/set_001/step_00131000.cif,0.999409
2625,set_001__step_00131300,/home/jovyan/AIMD-data/enol/vdw-cal/ketone_dataset/cif_frames/set_001/step_00131300.cif,0.999406
3004,set_001__step_00150250,/home/jovyan/AIMD-data/enol/vdw-cal/ketone_dataset/cif_frames/set_001/step_00150250.cif,0.999404
1739,set_000__step_00087000,/home/jovyan/AIMD-data/enol/vdw-cal/ketone_dataset/cif_frames/set_000/step_00087000.cif,0.999403
2812,set_001__step_00140650,/home/jovyan/AIMD-data/enol/vdw-cal/ketone_dataset/cif_frames/set_001/step_00140650.cif,0.999400
2292,set_001__step_00114650,/home/jovyan/AIMD-data/enol/vdw-cal/ketone_dataset/cif_frames/set_001/step_00114650.cif,0.999399
598,set_000__step_00029950,/home/jovyan/AIMD-data/enol/vdw-cal/ketone_dataset/cif_frames/set_000/step_00029950.cif,0.999398
2813,set_001__step_00140700,/home/jovyan/AIMD-data/enol/vdw-cal/ketone_dataset/cif_frames/set_001/step_00140700.cif,0.999398
453,set_000__step_00022700,/home/jovyan/AIMD-data/enol/vdw-cal/ketone_dataset/cif_frames/set_000/step_00022700.cif,0.999395
1468,set_000__step_00073450,/home/jovyan/AIMD-data/enol/vdw-cal/ketone_dataset/cif_frames/set_000/step_00073450.cif,0.999394
1728,set_000__step_00086450,/home/jovyan/AIMD-data/enol/vdw-cal/ketone_dataset/cif_frames/set_000/step_00086450.cif,0.999393
1087,set_000__step_00054400,/home/jovyan/AIMD-data/enol/vdw-cal/ketone_dataset/cif_frames/set_000/step_00054400.cif,0.999392
2009,set_001__step_00100500,/home/jovyan/AIMD-data/enol/vdw-cal/ketone_dataset/cif_frames/set_001/step_00100500.cif,0.999389
1657,set_000__step_00082900,/home/jovyan/AIMD-data/enol/vdw-cal/ketone_dataset/cif_frames/set_000/step_00082900.cif,0.999385
936,set_000__step_00046850,/home/jovyan/AIMD-data/enol/vdw-cal/ketone_dataset/cif_frames/set_000/step_00046850.cif,0.999384
1840,set_000__step_00092050,/home/jovyan/AIMD-data/enol/vdw-cal/ketone_dataset/cif_frames/set_000/step_00092050.cif,0.999383
1517,set_000__step_00075900,/home/jovyan/AIMD-data/enol/vdw-cal/ketone_dataset/cif_frames/set_000/step_00075900.cif,0.999378
1668,set_000__step_00083450,/home/jovyan/AIMD-data/enol/vdw-cal/ketone_dataset/cif_frames/set_000/step_00083450.cif,0.999378
1015,set_000__step_00050800,/home/jovyan/AIMD-data/enol/vdw-cal/ketone_dataset/cif_frames/set_000/step_00050800.cif,0.999378
1170,set_000__step_00058550,/home/jovyan/AIMD-data/enol/vdw-cal/ketone_dataset/cif_frames/set_000/step_00058550.cif,0.999377
823,set_000__step_00041200,/home/jovyan/AIMD-data/enol/vdw-cal/ketone_dataset/cif_frames/set_000/step_00041200.cif,0.999375
1084,set_000__step_00054250,/home/jovyan/AIMD-data/enol/vdw-cal/ketone_dataset/cif_frames/set_000/step_00054250.cif,0.999374
1978,set_000__step_00098950,/home/jovyan/AIMD-data/enol/vdw-cal/ketone_dataset/cif_frames/set_000/step_00098950.cif,0.999367
2370,set_001__step_00118550,/home/jovyan/AIMD-data/enol/vdw-cal/ketone_dataset/cif_frames/set_001/step_00118550.cif,0.999367
1502,set_000__step_00075150,/home/jovyan/AIMD-data/enol/vdw-cal/ketone_dataset/cif_frames/set_000/step_00075150.cif,0.999367
1883,set_000__step_00094200,/home/jovyan/AIMD-data/enol/vdw-cal/ketone_dataset/cif_frames/set_000/step_00094200.cif,0.999365
735,set_000__step_00036800,/home/jovyan/AIMD-data/enol/vdw-cal/ketone_dataset/cif_frames/set_000/step_00036800.cif,0.999363
2294,set_001__step_00114750,/home/jovyan/AIMD-data/enol/vdw-cal/ketone_dataset/cif_frames/set_001/step_00114750.cif,0.999358
846,set_000__step_00042350,/home/jovyan/AIMD-data/enol/vdw-cal/ketone_dataset/cif_frames/set_000/step_00042350.cif,0.999357
2611,set_001__step_00130600,/home/jovyan/AIMD-data/enol/vdw-cal/ketone_dataset/cif_frames/set_001/step_00130600.cif,0.999357
1505,set_000__step_00075300,/home/jovyan/AIMD-data/enol/vdw-cal/ketone_dataset/cif_frames/set_000/step_00075300.cif,0.999354
1716,set_000__step_00085850,/home/jovyan/AIMD-data/enol/vdw-cal/ketone_dataset/cif_frames/set_000/step_00085850.cif,0.999354
2582,set_001__step_00129150,/home/jovyan/AIMD-data/enol/vdw-cal/ketone_dataset/cif_frames/set_001/step_00129150.cif,0.999354
1726,set_000__step_00086350,/home/jovyan/AIMD-data/enol/vdw-cal/ketone_dataset/cif_frames/set_000/step_00086350.cif,0.999351
1972,set_000__step_00098650,/home/jovyan/AIMD-data/enol/vdw-cal/ketone_dataset/cif_frames/set_000/step_00098650.cif,0.999350
1291,set_000__step_00064600,/home/jovyan/AIMD-data/enol/vdw-cal/ketone_dataset/cif_frames/set_000/step_00064600.cif,0.999349
1147,set_000__step_00057400,/home/jovyan/AIMD-data/enol/vdw-cal/ketone_dataset/cif_frames/set_000/step_00057400.cif,0.999347
1942,set_000__step_00097150,/home/jovyan/AIMD-data/enol/vdw-cal/ketone_dataset/cif_frames/set_000/step_00097150.cif,0.999345
3067,set_001__step_00153400,/home/jovyan/AIMD-data/enol/vdw-cal/ketone_dataset/cif_frames/set_001/step_00153400.cif,0.999343
1670,set_000__step_00083550,/home/jovyan/AIMD-data/enol/vdw-cal/ketone_dataset/cif_frames/set_000/step_00083550.cif,0.999341
602,set_000__step_00030150,/home/jovyan/AIMD-data/enol/vdw-cal/ketone_dataset/cif_frames/set_000/step_00030150.cif,0.999340
508,set_000__step_00025450,/home/jovyan/AIMD-data/enol/vdw-cal/ketone_dataset/cif_frames/set_000/step_00025450.cif,0.999336
1782,set_000__step_00089150,/home/jovyan/AIMD-data/enol/vdw-cal/ketone_dataset/cif_frames/set_000/step_00089150.cif,0.999334
734,set_000__step_00036750,/home/jovyan/AIMD-data/enol/vdw-cal/ketone_dataset/cif_frames/set_000/step_00036750.cif,0.999332
1317,set_000__step_00065900,/home/jovyan/AIMD-data/enol/vdw-cal/ketone_dataset/cif_frames/set_000/step_00065900.cif,0.999331
1013,set_000__step_00050700,/home/jovyan/AIMD-data/enol/vdw-cal/ketone_dataset/cif_frames/set_000/step_00050700.cif,0.999330
779,set_000__step_00039000,/home/jovyan/AIMD-data/enol/vdw-cal/ketone_dataset/cif_frames/set_000/step_00039000.cif,0.999330
1138,set_000__step_00056950,/home/jovyan/AIMD-data/enol/vdw-cal/ketone_dataset/cif_frames/set_000/step_00056950.cif,0.999327
1946,set_000__step_00097350,/home/jovyan/AIMD-data/enol/vdw-cal/ketone_dataset/cif_frames/set_000/step_00097350.cif,0.999325
2572,set_001__step_00128650,/home/jovyan/AIMD-data/enol/vdw-cal/ketone_dataset/cif_frames/set_001/step_00128650.cif,0.999324
2112,set_001__step_00105650,/home/jovyan/AIMD-data/enol/vdw-cal/ketone_dataset/cif_frames/set_001/step_00105650.cif,0.999323
3068,set_001__step_00153450,/home/jovyan/AIMD-data/enol/vdw-cal/ketone_dataset/cif_frames/set_001/step_00153450.cif,0.999321
1436,set_000__step_00071850,/home/jovyan/AIMD-data/enol/vdw-cal/ketone_dataset/cif_frames/set_000/step_00071850.cif,0.999319
1833,set_000__step_00091700,/home/jovyan/AIMD-data/enol/vdw-cal/ketone_dataset/cif_frames/set_000/step_00091700.cif,0.999318
433,set_000__step_00021700,/home/jovyan/AIMD-data/enol/vdw-cal/ketone_dataset/cif_frames/set_000/step_00021700.cif,0.999318
2492,set_001__step_00124650,/home/jovyan/AIMD-data/enol/vdw-cal/ketone_dataset/cif_frames/set_001/step_00124650.cif,0.999317
1437,set_000__step_00071900,/home/jovyan/AIMD-data/enol/vdw-cal/ketone_dataset/cif_frames/set_000/step_00071900.cif,0.999311
2489,set_001__step_00124500,/home/jovyan/AIMD-data/enol/vdw-cal/ketone_dataset/cif_frames/set_001/step_00124500.cif,0.999309
2897,set_001__step_00144900,/home/jovyan/AIMD-data/enol/vdw-cal/ketone_dataset/cif_frames/set_001/step_00144900.cif,0.999309
3006,set_001__step_00150350,/home/jovyan/AIMD-data/enol/vdw-cal/ketone_dataset/cif_frames/set_001/step_00150350.cif,0.999307
731,set_000__step_00036600,/home/jovyan/AIMD-data/enol/vdw-cal/ketone_dataset/cif_frames/set_000/step_00036600.cif,0.999304
843,set_000__step_00042200,/home/jovyan/AIMD-data/enol/vdw-cal/ketone_dataset/cif_frames/set_000/step_00042200.cif,0.999300
2912,set_001__step_00145650,/home/jovyan/AIMD-data/enol/vdw-cal/ketone_dataset/cif_frames/set_001/step_00145650.cif,0.999300
1048,set_000__step_00052450,/home/jovyan/AIMD-data/enol/vdw-cal/ketone_dataset/cif_frames/set_000/step_00052450.cif,0.999299
974,set_000__step_00048750,/home/jovyan/AIMD-data/enol/vdw-cal/ketone_dataset/cif_frames/set_000/step_00048750.cif,0.999298
2546,set_001__step_00127350,/home/jovyan/AIMD-data/enol/vdw-cal/ketone_dataset/cif_frames/set_001/step_00127350.cif,0.999293
551,set_000__step_00027600,/home/jovyan/AIMD-data/enol/vdw-cal/ketone_dataset/cif_frames/set_000/step_00027600.cif,0.999291
3070,set_001__step_00153550,/home/jovyan/AIMD-data/enol/vdw-cal/ketone_dataset/cif_frames/set_001/step_00153550.cif,0.999290
2759,set_001__step_00138000,/home/jovyan/AIMD-data/enol/vdw-cal/ketone_dataset/cif_frames/set_001/step_00138000.cif,0.999289
600,set_000__step_00030050,/home/jovyan/AIMD-data/enol/vdw-cal/ketone_dataset/cif_frames/set_000/step_00030050.cif,0.999287
1817,set_000__step_00090900,/home/jovyan/AIMD-data/enol/vdw-cal/ketone_dataset/cif_frames/set_000/step_00090900.cif,0.999286
963,set_000__step_00048200,/home/jovyan/AIMD-data/enol/vdw-cal/ketone_dataset/cif_frames/set_000/step_00048200.cif,0.999286
1700,set_000__step_00085050,/home/jovyan/AIMD-data/enol/vdw-cal/ketone_dataset/cif_frames/set_000/step_00085050.cif,0.999286
3978,set_001__step_00198950,/home/jovyan/AIMD-data/enol/vdw-cal/ketone_dataset/cif_frames/set_001/step_00198950.cif,0.999285
1355,set_000__step_00067800,/home/jovyan/AIMD-data/enol/vdw-cal/ketone_dataset/cif_frames/set_000/step_00067800.cif,0.999281
935,set_000__step_00046800,/home/jovyan/AIMD-data/enol/vdw-cal/ketone_dataset/cif_frames/set_000/step_00046800.cif,0.999280
2919,set_001__step_00146000,/home/jovyan/AIMD-data/enol/vdw-cal/ketone_dataset/cif_frames/set_001/step_00146000.cif,0.999278
3954,set_001__step_00197750,/home/jovyan/AIMD-data/enol/vdw-cal/ketone_dataset/cif_frames/set_001/step_00197750.cif,0.999278
2034,set_001__step_00101750,/home/jovyan/AIMD-data/enol/vdw-cal/ketone_dataset/cif_frames/set_001/step_00101750.cif,0.999277
2030,set_001__step_00101550,/home/jovyan/AIMD-data/enol/vdw-cal/ketone_dataset/cif_frames/set_001/step_00101550.cif,0.999275
2827,set_001__step_00141400,/home/jovyan/AIMD-data/enol/vdw-cal/ketone_dataset/cif_frames/set_001/step_00141400.cif,0.999274
1663,set_000__step_00083200,/home/jovyan/AIMD-data/enol/vdw-cal/ketone_dataset/cif_frames/set_000/step_00083200.cif,0.999271
565,set_000__step_00028300,/home/jovyan/AIMD-data/enol/vdw-cal/ketone_dataset/cif_frames/set_000/step_00028300.cif,0.999270
1665,set_000__step_00083300,/home/jovyan/AIMD-data/enol/vdw-cal/ketone_dataset/cif_frames/set_000/step_00083300.cif,0.999270
1889,set_000__step_00094500,/home/jovyan/AIMD-data/enol/vdw-cal/ketone_dataset/cif_frames/set_000/step_00094500.cif,0.999265
1082,set_000__step_00054150,/home/jovyan/AIMD-data/enol/vdw-cal/ketone_dataset/cif_frames/set_000/step_00054150.cif,0.999265
2955,set_001__step_00147800,/home/jovyan/AIMD-data/enol/vdw-cal/ketone_dataset/cif_frames/set_001/step_00147800.cif,0.999265
1797,set_000__step_00089900,/home/jovyan/AIMD-data/enol/vdw-cal/ketone_dataset/cif_frames/set_000/step_00089900.cif,0.999257
993,set_000__step_00049700,/home/jovyan/AIMD-data/enol/vdw-cal/ketone_dataset/cif_frames/set_000/step_00049700.cif,0.999257
1937,set_000__step_00096900,/home/jovyan/AIMD-data/enol/vdw-cal/ketone_dataset/cif_frames/set_000/step_00096900.cif,0.999255
1806,set_000__step_00090350,/home/jovyan/AIMD-data/enol/vdw-cal/ketone_dataset/cif_frames/set_000/step_00090350.cif,0.999240
2490,set_001__step_00124550,/home/jovyan/AIMD-data/enol/vdw-cal/ketone_dataset/cif_frames/set_001/step_00124550.cif,0.999236
2528,set_001__step_00126450,/home/jovyan/AIMD-data/enol/vdw-cal/ketone_dataset/cif_frames/set_001/step_00126450.cif,0.999236
737,set_000__step_00036900,/home/jovyan/AIMD-data/enol/vdw-cal/ketone_dataset/cif_frames/set_000/step_00036900.cif,0.999232
3599,set_001__step_00180000,/home/jovyan/AIMD-data/enol/vdw-cal/ketone_dataset/cif_frames/set_001/step_00180000.cif,0.999231
1645,set_000__step_00082300,/home/jovyan/AIMD-data/enol/vdw-cal/ketone_dataset/cif_frames/set_000/step_00082300.cif,0.999230
2116,set_001__step_00105850,/home/jovyan/AIMD-data/enol/vdw-cal/ketone_dataset/cif_frames/set_001/step_00105850.cif,0.999230
1352,set_000__step_00067650,/home/jovyan/AIMD-data/enol/vdw-cal/ketone_dataset/cif_frames/set_000/step_00067650.cif,0.999229
1640,set_000__step_00082050,/home/jovyan/AIMD-data/enol/vdw-cal/ketone_dataset/cif_frames/set_000/step_00082050.cif,0.999228
617,set_000__step_00030900,/home/jovyan/AIMD-data/enol/vdw-cal/ketone_dataset/cif_frames/set_000/step_00030900.cif,0.999228
2123,set_001__step_00106200,/home/jovyan/AIMD-data/enol/vdw-cal/ketone_dataset/cif_frames/set_001/step_00106200.cif,0.999226
1765,set_000__step_00088300,/home/jovyan/AIMD-data/enol/vdw-cal/ketone_dataset/cif_frames/set_000/step_00088300.cif,0.999225
2987,set_001__step_00149400,/home/jovyan/AIMD-data/enol/vdw-cal/ketone_dataset/cif_frames/set_001/step_00149400.cif,0.999223
1711,set_000__step_00085600,/home/jovyan/AIMD-data/enol/vdw-cal/ketone_dataset/cif_frames/set_000/step_00085600.cif,0.999222
769,set_000__step_00038500,/home/jovyan/AIMD-data/enol/vdw-cal/ketone_dataset/cif_frames/set_000/step_00038500.cif,0.999220
2447,set_001__step_00122400,/home/jovyan/AIMD-data/enol/vdw-cal/ketone_dataset/cif_frames/set_001/step_00122400.cif,0.999219
929,set_000__step_00046500,/home/jovyan/AIMD-data/enol/vdw-cal/ketone_dataset/cif_frames/set_000/step_00046500.cif,0.999212
1792,set_000__step_00089650,/home/jovyan/AIMD-data/enol/vdw-cal/ketone_dataset/cif_frames/set_000/step_00089650.cif,0.999211
3997,set_001__step_00199900,/home/jovyan/AIMD-data/enol/vdw-cal/ketone_dataset/cif_frames/set_001/step_00199900.cif,0.999210
566,set_000__step_00028350,/home/jovyan/AIMD-data/enol/vdw-cal/ketone_dataset/cif_frames/set_000/step_00028350.cif,0.999208
1801,set_000__step_00090100,/home/jovyan/AIMD-data/enol/vdw-cal/ketone_dataset/cif_frames/set_000/step_00090100.cif,0.999200
2296,set_001__step_00114850,/home/jovyan/AIMD-data/enol/vdw-cal/ketone_dataset/cif_frames/set_001/step_00114850.cif,0.999195
429,set_000__step_00021500,/home/jovyan/AIMD-data/enol/vdw-cal/ketone_dataset/cif_frames/set_000/step_00021500.cif,0.999193
2798,set_001__step_00139950,/home/jovyan/AIMD-data/enol/vdw-cal/ketone_dataset/cif_frames/set_001/step_00139950.cif,0.999190
1571,set_000__step_00078600,/home/jovyan/AIMD-data/enol/vdw-cal/ketone_dataset/cif_frames/set_000/step_00078600.cif,0.999188
2484,set_001__step_00124250,/home/jovyan/AIMD-data/enol/vdw-cal/ketone_dataset/cif_frames/set_001/step_00124250.cif,0.999186
1496,set_000__step_00074850,/home/jovyan/AIMD-data/enol/vdw-cal/ketone_dataset/cif_frames/set_000/step_00074850.cif,0.999186
2669,set_001__step_00133500,/home/jovyan/AIMD-data/enol/vdw-cal/ketone_dataset/cif_frames/set_001/step_00133500.cif,0.999184
2197,set_001__step_00109900,/home/jovyan/AIMD-data/enol/vdw-cal/ketone_dataset/cif_frames/set_001/step_00109900.cif,0.999183
502,set_000__step_00025150,/home/jovyan/AIMD-data/enol/vdw-cal/ketone_dataset/cif_frames/set_000/step_00025150.cif,0.999183
1429,set_000__step_00071500,/home/jovyan/AIMD-data/enol/vdw-cal/ketone_dataset/cif_frames/set_000/step_00071500.cif,0.999181
1634,set_000__step_00081750,/home/jovyan/AIMD-data/enol/vdw-cal/ketone_dataset/cif_frames/set_000/step_00081750.cif,0.999180
2801,set_001__step_00140100,/home/jovyan/AIMD-data/enol/vdw-cal/ketone_dataset/cif_frames/set_001/step_00140100.cif,0.999177
1280,set_000__step_00064050,/home/jovyan/AIMD-data/enol/vdw-cal/ketone_dataset/cif_frames/set_000/step_00064050.cif,0.999176
2667,set_001__step_00133400,/home/jovyan/AIMD-data/enol/vdw-cal/ketone_dataset/cif_frames/set_001/step_00133400.cif,0.999175
1506,set_000__step_00075350,/home/jovyan/AIMD-data/enol/vdw-cal/ketone_dataset/cif_frames/set_000/step_00075350.cif,0.999171
1470,set_000__step_00073550,/home/jovyan/AIMD-data/enol/vdw-cal/ketone_dataset/cif_frames/set_000/step_00073550.cif,0.999166
2114,set_001__step_00105750,/home/jovyan/AIMD-data/enol/vdw-cal/ketone_dataset/cif_frames/set_001/step_00105750.cif,0.999165
1690,set_000__step_00084550,/home/jovyan/AIMD-data/enol/vdw-cal/ketone_dataset/cif_frames/set_000/step_00084550.cif,0.999162
1509,set_000__step_00075500,/home/jovyan/AIMD-data/enol/vdw-cal/ketone_dataset/cif_frames/set_000/step_00075500.cif,0.999161
589,set_000__step_00029500,/home/jovyan/AIMD-data/enol/vdw-cal/ketone_dataset/cif_frames/set_000/step_00029500.cif,0.999161
1655,set_000__step_00082800,/home/jovyan/AIMD-data/enol/vdw-cal/ketone_dataset/cif_frames/set_000/step_00082800.cif,0.999161
1983,set_000__step_00099200,/home/jovyan/AIMD-data/enol/vdw-cal/ketone_dataset/cif_frames/set_000/step_00099200.cif,0.999160
2566,set_001__step_00128350,/home/jovyan/AIMD-data/enol/vdw-cal/ketone_dataset/cif_frames/set_001/step_00128350.cif,0.999159
1887,set_000__step_00094400,/home/jovyan/AIMD-data/enol/vdw-cal/ketone_dataset/cif_frames/set_000/step_00094400.cif,0.999158
568,set_000__step_00028450,/home/jovyan/AIMD-data/enol/vdw-cal/ketone_dataset/cif_frames/set_000/step_00028450.cif,0.999156
2513,set_001__step_00125700,/home/jovyan/AIMD-data/enol/vdw-cal/ketone_dataset/cif_frames/set_001/step_00125700.cif,0.999156
831,set_000__step_00041600,/home/jovyan/AIMD-data/enol/vdw-cal/ketone_dataset/cif_frames/set_000/step_00041600.cif,0.999154
2829,set_001__step_00141500,/home/jovyan/AIMD-data/enol/vdw-cal/ketone_dataset/cif_frames/set_001/step_00141500.cif,0.999154
2586,set_001__step_00129350,/home/jovyan/AIMD-data/enol/vdw-cal/ketone_dataset/cif_frames/set_001/step_00129350.cif,0.999151
1995,set_000__step_00099800,/home/jovyan/AIMD-data/enol/vdw-cal/ketone_dataset/cif_frames/set_000/step_00099800.cif,0.999148
544,set_000__step_00027250,/home/jovyan/AIMD-data/enol/vdw-cal/ketone_dataset/cif_frames/set_000/step_00027250.cif,0.999147
2959,set_001__step_00148000,/home/jovyan/AIMD-data/enol/vdw-cal/ketone_dataset/cif_frames/set_001/step_00148000.cif,0.999146
2511,set_001__step_00125600,/home/jovyan/AIMD-data/enol/vdw-cal/ketone_dataset/cif_frames/set_001/step_00125600.cif,0.999144
1476,set_000__step_00073850,/home/jovyan/AIMD-data/enol/vdw-cal/ketone_dataset/cif_frames/set_000/step_00073850.cif,0.999143
3977,set_001__step_00198900,/home/jovyan/AIMD-data/enol/vdw-cal/ketone_dataset/cif_frames/set_001/step_00198900.cif,0.999141
1710,set_000__step_00085550,/home/jovyan/AIMD-data/enol/vdw-cal/ketone_dataset/cif_frames/set_000/step_00085550.cif,0.999140
1923,set_000__step_00096200,/home/jovyan/AIMD-data/enol/vdw-cal/ketone_dataset/cif_frames/set_000/step_00096200.cif,0.999137
3175,set_001__step_00158800,/home/jovyan/AIMD-data/enol/vdw-cal/ketone_dataset/cif_frames/set_001/step_00158800.cif,0.999136
2816,set_001__step_00140850,/home/jovyan/AIMD-data/enol/vdw-cal/ketone_dataset/cif_frames/set_001/step_00140850.cif,0.999134
2878,set_001__step_00143950,/home/jovyan/AIMD-data/enol/vdw-cal/ketone_dataset/cif_frames/set_001/step_00143950.cif,0.999130
1673,set_000__step_00083700,/home/jovyan/AIMD-data/enol/vdw-cal/ketone_dataset/cif_frames/set_000/step_00083700.cif,0.999126
2721,set_001__step_00136100,/home/jovyan/AIMD-data/enol/vdw-cal/ketone_dataset/cif_frames/set_001/step_00136100.cif,0.999123
1821,set_000__step_00091100,/home/jovyan/AIMD-data/enol/vdw-cal/ketone_dataset/cif_frames/set_000/step_00091100.cif,0.999122
1357,set_000__step_00067900,/home/jovyan/AIMD-data/enol/vdw-cal/ketone_dataset/cif_frames/set_000/step_00067900.cif,0.999120
1766,set_000__step_00088350,/home/jovyan/AIMD-data/enol/vdw-cal/ketone_dataset/cif_frames/set_000/step_00088350.cif,0.999112
2665,set_001__step_00133300,/home/jovyan/AIMD-data/enol/vdw-cal/ketone_dataset/cif_frames/set_001/step_00133300.cif,0.999111
1169,set_000__step_00058500,/home/jovyan/AIMD-data/enol/vdw-cal/ketone_dataset/cif_frames/set_000/step_00058500.cif,0.999109
739,set_000__step_00037000,/home/jovyan/AIMD-data/enol/vdw-cal/ketone_dataset/cif_frames/set_000/step_00037000.cif,0.999108
967,set_000__step_00048400,/home/jovyan/AIMD-data/enol/vdw-cal/ketone_dataset/cif_frames/set_000/step_00048400.cif,0.999104
965,set_000__step_00048300,/home/jovyan/AIMD-data/enol/vdw-cal/ketone_dataset/cif_frames/set_000/step_00048300.cif,0.999103
2448,set_001__step_00122450,/home/jovyan/AIMD-data/enol/vdw-cal/ketone_dataset/cif_frames/set_001/step_00122450.cif,0.999102
1359,set_000__step_00068000,/home/jovyan/AIMD-data/enol/vdw-cal/ketone_dataset/cif_frames/set_000/step_00068000.cif,0.999101
1965,set_000__step_00098300,/home/jovyan/AIMD-data/enol/vdw-cal/ketone_dataset/cif_frames/set_000/step_00098300.cif,0.999101
763,set_000__step_00038200,/home/jovyan/AIMD-data/enol/vdw-cal/ketone_dataset/cif_frames/set_000/step_00038200.cif,0.999099
2428,set_001__step_00121450,/home/jovyan/AIMD-data/enol/vdw-cal/ketone_dataset/cif_frames/set_001/step_00121450.cif,0.999098
275,set_000__step_00013800,/home/jovyan/AIMD-data/enol/vdw-cal/ketone_dataset/cif_frames/set_000/step_00013800.cif,0.999098
2032,set_001__step_00101650,/home/jovyan/AIMD-data/enol/vdw-cal/ketone_dataset/cif_frames/set_001/step_00101650.cif,0.999098
1638,set_000__step_00081950,/home/jovyan/AIMD-data/enol/vdw-cal/ketone_dataset/cif_frames/set_000/step_00081950.cif,0.999097
1387,set_000__step_00069400,/home/jovyan/AIMD-data/enol/vdw-cal/ketone_dataset/cif_frames/set_000/step_00069400.cif,0.999091
2117,set_001__step_00105900,/home/jovyan/AIMD-data/enol/vdw-cal/ketone_dataset/cif_frames/set_001/step_00105900.cif,0.999091
1936,set_000__step_00096850,/home/jovyan/AIMD-data/enol/vdw-cal/ketone_dataset/cif_frames/set_000/step_00096850.cif,0.999088
1239,set_000__step_00062000,/home/jovyan/AIMD-data/enol/vdw-cal/ketone_dataset/cif_frames/set_000/step_00062000.cif,0.999084
1709,set_000__step_00085500,/home/jovyan/AIMD-data/enol/vdw-cal/ketone_dataset/cif_frames/set_000/step_00085500.cif,0.999081
1671,set_000__step_00083600,/home/jovyan/AIMD-data/enol/vdw-cal/ketone_dataset/cif_frames/set_000/step_00083600.cif,0.999075
938,set_000__step_00046950,/home/jovyan/AIMD-data/enol/vdw-cal/ketone_dataset/cif_frames/set_000/step_00046950.cif,0.999069
1510,set_000__step_00075550,/home/jovyan/AIMD-data/enol/vdw-cal/ketone_dataset/cif_frames/set_000/step_00075550.cif,0.999069
1547,set_000__step_00077400,/home/jovyan/AIMD-data/enol/vdw-cal/ketone_dataset/cif_frames/set_000/step_00077400.cif,0.999068
3878,set_001__step_00193950,/home/jovyan/AIMD-data/enol/vdw-cal/ketone_dataset/cif_frames/set_001/step_00193950.cif,0.999064
1775,set_000__step_00088800,/home/jovyan/AIMD-data/enol/vdw-cal/ketone_dataset/cif_frames/set_000/step_00088800.cif,0.999063
733,set_000__step_00036700,/home/jovyan/AIMD-data/enol/vdw-cal/ketone_dataset/cif_frames/set_000/step_00036700.cif,0.999062
1843,set_000__step_00092200,/home/jovyan/AIMD-data/enol/vdw-cal/ketone_dataset/cif_frames/set_000/step_00092200.cif,0.999061
3598,set_001__step_00179950,/home/jovyan/AIMD-data/enol/vdw-cal/ketone_dataset/cif_frames/set_001/step_00179950.cif,0.999060
3877,set_001__step_00193900,/home/jovyan/AIMD-data/enol/vdw-cal/ketone_dataset/cif_frames/set_001/step_00193900.cif,0.999059
1315,set_000__step_00065800,/home/jovyan/AIMD-data/enol/vdw-cal/ketone_dataset/cif_frames/set_000/step_00065800.cif,0.999057
1630,set_000__step_00081550,/home/jovyan/AIMD-data/enol/vdw-cal/ketone_dataset/cif_frames/set_000/step_00081550.cif,0.999056
1548,set_000__step_00077450,/home/jovyan/AIMD-data/enol/vdw-cal/ketone_dataset/cif_frames/set_000/step_00077450.cif,0.999056
1375,set_000__step_00068800,/home/jovyan/AIMD-data/enol/vdw-cal/ketone_dataset/cif_frames/set_000/step_00068800.cif,0.999052
2756,set_001__step_00137850,/home/jovyan/AIMD-data/enol/vdw-cal/ketone_dataset/cif_frames/set_001/step_00137850.cif,0.999052
684,set_000__step_00034250,/home/jovyan/AIMD-data/enol/vdw-cal/ketone_dataset/cif_frames/set_000/step_00034250.cif,0.999046
618,set_000__step_00030950,/home/jovyan/AIMD-data/enol/vdw-cal/ketone_dataset/cif_frames/set_000/step_00030950.cif,0.999045
973,set_000__step_00048700,/home/jovyan/AIMD-data/enol/vdw-cal/ketone_dataset/cif_frames/set_000/step_00048700.cif,0.999044
2938,set_001__step_00146950,/home/jovyan/AIMD-data/enol/vdw-cal/ketone_dataset/cif_frames/set_001/step_00146950.cif,0.999041
2569,set_001__step_00128500,/home/jovyan/AIMD-data/enol/vdw-cal/ketone_dataset/cif_frames/set_001/step_00128500.cif,0.999039
1393,set_000__step_00069700,/home/jovyan/AIMD-data/enol/vdw-cal/ketone_dataset/cif_frames/set_000/step_00069700.cif,0.999037
1427,set_000__step_00071400,/home/jovyan/AIMD-data/enol/vdw-cal/ketone_dataset/cif_frames/set_000/step_00071400.cif,0.999036
2880,set_001__step_00144050,/home/jovyan/AIMD-data/enol/vdw-cal/ketone_dataset/cif_frames/set_001/step_00144050.cif,0.999036
1741,set_000__step_00087100,/home/jovyan/AIMD-data/enol/vdw-cal/ketone_dataset/cif_frames/set_000/step_00087100.cif,0.999035
2485,set_001__step_00124300,/home/jovyan/AIMD-data/enol/vdw-cal/ketone_dataset/cif_frames/set_001/step_00124300.cif,0.999034
2496,set_001__step_00124850,/home/jovyan/AIMD-data/enol/vdw-cal/ketone_dataset/cif_frames/set_001/step_00124850.cif,0.999033
1409,set_000__step_00070500,/home/jovyan/AIMD-data/enol/vdw-cal/ketone_dataset/cif_frames/set_000/step_00070500.cif,0.999032
1727,set_000__step_00086400,/home/jovyan/AIMD-data/enol/vdw-cal/ketone_dataset/cif_frames/set_000/step_00086400.cif,0.999030
2000,set_001__step_00100050,/home/jovyan/AIMD-data/enol/vdw-cal/ketone_dataset/cif_frames/set_001/step_00100050.cif,0.999030
728,set_000__step_00036450,/home/jovyan/AIMD-data/enol/vdw-cal/ketone_dataset/cif_frames/set_000/step_00036450.cif,0.999025
1731,set_000__step_00086600,/home/jovyan/AIMD-data/enol/vdw-cal/ketone_dataset/cif_frames/set_000/step_00086600.cif,0.999023
382,set_000__step_00019150,/home/jovyan/AIMD-data/enol/vdw-cal/ketone_dataset/cif_frames/set_000/step_00019150.cif,0.999022
2666,set_001__step_00133350,/home/jovyan/AIMD-data/enol/vdw-cal/ketone_dataset/cif_frames/set_001/step_00133350.cif,0.999022
3597,set_001__step_00179900,/home/jovyan/AIMD-data/enol/vdw-cal/ketone_dataset/cif_frames/set_001/step_00179900.cif,0.999020
1007,set_000__step_00050400,/home/jovyan/AIMD-data/enol/vdw-cal/ketone_dataset/cif_frames/set_000/step_00050400.cif,0.999019
2095,set_001__step_00104800,/home/jovyan/AIMD-data/enol/vdw-cal/ketone_dataset/cif_frames/set_001/step_00104800.cif,0.999015
1489,set_000__step_00074500,/home/jovyan/AIMD-data/enol/vdw-cal/ketone_dataset/cif_frames/set_000/step_00074500.cif,0.999014
1519,set_000__step_00076000,/home/jovyan/AIMD-data/enol/vdw-cal/ketone_dataset/cif_frames/set_000/step_00076000.cif,0.999014
2021,set_001__step_00101100,/home/jovyan/AIMD-data/enol/vdw-cal/ketone_dataset/cif_frames/set_001/step_00101100.cif,0.999011
2502,set_001__step_00125150,/home/jovyan/AIMD-data/enol/vdw-cal/ketone_dataset/cif_frames/set_001/step_00125150.cif,0.999009
1394,set_000__step_00069750,/home/jovyan/AIMD-data/enol/vdw-cal/ketone_dataset/cif_frames/set_000/step_00069750.cif,0.999006
2898,set_001__step_00144950,/home/jovyan/AIMD-data/enol/vdw-cal/ketone_dataset/cif_frames/set_001/step_00144950.cif,0.999006
1788,set_000__step_00089450,/home/jovyan/AIMD-data/enol/vdw-cal/ketone_dataset/cif_frames/set_000/step_00089450.cif,0.999002
775,set_000__step_00038800,/home/jovyan/AIMD-data/enol/vdw-cal/ketone_dataset/cif_frames/set_000/step_00038800.cif,0.999000
3085,set_001__step_00154300,/home/jovyan/AIMD-data/enol/vdw-cal/ketone_dataset/cif_frames/set_001/step_00154300.cif,0.999000
988,set_000__step_00049450,/home/jovyan/AIMD-data/enol/vdw-cal/ketone_dataset/cif_frames/set_000/step_00049450.cif,0.999000
1038,set_000__step_00051950,/home/jovyan/AIMD-data/enol/vdw-cal/ketone_dataset/cif_frames/set_000/step_00051950.cif,0.998996
2111,set_001__step_00105600,/home/jovyan/AIMD-data/enol/vdw-cal/ketone_dataset/cif_frames/set_001/step_00105600.cif,0.998996
1283,set_000__step_00064200,/home/jovyan/AIMD-data/enol/vdw-cal/ketone_dataset/cif_frames/set_000/step_00064200.cif,0.998996
780,set_000__step_00039050,/home/jovyan/AIMD-data/enol/vdw-cal/ketone_dataset/cif_frames/set_000/step_00039050.cif,0.998990
1039,set_000__step_00052000,/home/jovyan/AIMD-data/enol/vdw-cal/ketone_dataset/cif_frames/set_000/step_00052000.cif,0.998989
2430,set_001__step_00121550,/home/jovyan/AIMD-data/enol/vdw-cal/ketone_dataset/cif_frames/set_001/step_00121550.cif,0.998979
